2ndFlrSF|Attr|size|count|sum|mean|geo_mean|median|mode|mode_cnt|mode_prct|var|sdev|neg_cnt|neg_perc|zero_cnt|zero_perc|pos_cnt|pos_perc|nan_cnt|nan_perc|nunique|minimum|maximum|range|quartile_1|quartile_3|iqr|skew|kurtosis
0|SalePrice|1668|829|142077063.0|171383.67|158197.97|150000.0||839|50.3|5464324824.31|73921.07|0|0.0|0|0.0|829|49.7|839|50.3|461|34900.0|611657.0|576757.0|126500.0|198900.0|72400.0|1.64|3.97
110|SalePrice|1|1|79900.0|79900.0|79900.0|79900.0|79900.0|1|100.0|||0|0.0|0|0.0|1|100.0|0|0.0|1|79900.0|79900.0|0.0|79900.0|79900.0|0.0|0.0|-3.0
125|SalePrice|1|0|0.0|||||1|100.0|||0|0.0|0|0.0|0|0.0|1|100.0|0|||||||0.0|0.0
144|SalePrice|1|0|0.0|||||1|100.0|||0|0.0|0|0.0|0|0.0|1|100.0|0|||||||0.0|0.0
167|SalePrice|1|1|228950.0|228950.0|228950.0|228950.0|228950.0|1|100.0|||0|0.0|0|0.0|1|100.0|0|0.0|1|228950.0|228950.0|0.0|228950.0|228950.0|0.0|0.0|-3.0
180|SalePrice|1|0|0.0|||||1|100.0|||0|0.0|0|0.0|0|0.0|1|100.0|0|||||||0.0|0.0
182|SalePrice|1|0|0.0|||||1|100.0|||0|0.0|0|0.0|0|0.0|1|100.0|0|||||||0.0|0.0
185|SalePrice|1|0|0.0|||||1|100.0|||0|0.0|0|0.0|0|0.0|1|100.0|0|||||||0.0|0.0
192|SalePrice|1|1|260000.0|260000.0|260000.0|260000.0|260000.0|1|100.0|||0|0.0|0|0.0|1|100.0|0|0.0|1|260000.0|260000.0|0.0|260000.0|260000.0|0.0|0.0|-3.0
208|SalePrice|2|1|120000.0|120000.0|120000.0|120000.0||1|50.0|||0|0.0|0|0.0|1|50.0|1|50.0|1|120000.0|120000.0|0.0|120000.0|120000.0|0.0|0.0|-3.0
213|SalePrice|1|1|127000.0|127000.0|127000.0|127000.0|127000.0|1|100.0|||0|0.0|0|0.0|1|100.0|0|0.0|1|127000.0|127000.0|0.0|127000.0|127000.0|0.0|0.0|-3.0
218|SalePrice|1|0|0.0|||||1|100.0|||0|0.0|0|0.0|0|0.0|1|100.0|0|||||||0.0|0.0
220|SalePrice|1|1|119000.0|119000.0|119000.0|119000.0|119000.0|1|100.0|||0|0.0|0|0.0|1|100.0|0|0.0|1|119000.0|119000.0|0.0|119000.0|119000.0|0.0|0.0|-3.0
224|SalePrice|1|1|110000.0|110000.0|110000.0|110000.0|110000.0|1|100.0|||0|0.0|0|0.0|1|100.0|0|0.0|1|110000.0|110000.0|0.0|110000.0|110000.0|0.0|0.0|-3.0
228|SalePrice|1|0|0.0|||||1|100.0|||0|0.0|0|0.0|0|0.0|1|100.0|0|||||||0.0|0.0
240|SalePrice|3|2|174500.0|87250.0|86988.5|87250.0||1|33.33|91125000.0|9545.94|0|0.0|0|0.0|2|66.67|1|33.33|2|80500.0|94000.0|13500.0|83875.0|90625.0|6750.0|0.0|-2.0
245|SalePrice|1|0|0.0|||||1|100.0|||0|0.0|0|0.0|0|0.0|1|100.0|0|||||||0.0|0.0
252|SalePrice|2|2|202900.0|101450.0|99156.44|101450.0|80000.0|1|50.0|920205000.0|30334.88|0|0.0|0|0.0|2|100.0|0|0.0|2|80000.0|122900.0|42900.0|90725.0|112175.0|21450.0|0.0|-2.0
272|SalePrice|2|1|104900.0|104900.0|104900.0|104900.0||1|50.0|||0|0.0|0|0.0|1|50.0|1|50.0|1|104900.0|104900.0|0.0|104900.0|104900.0|0.0|0.0|-3.0
297|SalePrice|1|0|0.0|||||1|100.0|||0|0.0|0|0.0|0|0.0|1|100.0|0|||||||0.0|0.0
299|SalePrice|1|1|109000.0|109000.0|109000.0|109000.0|109000.0|1|100.0|||0|0.0|0|0.0|1|100.0|0|0.0|1|109000.0|109000.0|0.0|109000.0|109000.0|0.0|0.0|-3.0
304|SalePrice|1|1|136500.0|136500.0|136500.0|136500.0|136500.0|1|100.0|||0|0.0|0|0.0|1|100.0|0|0.0|1|136500.0|136500.0|0.0|136500.0|136500.0|0.0|0.0|-3.0
308|SalePrice|1|0|0.0|||||1|100.0|||0|0.0|0|0.0|0|0.0|1|100.0|0|||||||0.0|0.0
312|SalePrice|1|0|0.0|||||1|100.0|||0|0.0|0|0.0|0|0.0|1|100.0|0|||||||0.0|0.0
316|SalePrice|1|1|127000.0|127000.0|127000.0|127000.0|127000.0|1|100.0|||0|0.0|0|0.0|1|100.0|0|0.0|1|127000.0|127000.0|0.0|127000.0|127000.0|0.0|0.0|-3.0
319|SalePrice|2|1|102776.0|102776.0|102776.0|102776.0||1|50.0|||0|0.0|0|0.0|1|50.0|1|50.0|1|102776.0|102776.0|0.0|102776.0|102776.0|0.0|0.0|-3.0
320|SalePrice|1|0|0.0|||||1|100.0|||0|0.0|0|0.0|0|0.0|1|100.0|0|||||||0.0|0.0
322|SalePrice|1|0|0.0|||||1|100.0|||0|0.0|0|0.0|0|0.0|1|100.0|0|||||||0.0|0.0
325|SalePrice|1|1|119900.0|119900.0|119900.0|119900.0|119900.0|1|100.0|||0|0.0|0|0.0|1|100.0|0|0.0|1|119900.0|119900.0|0.0|119900.0|119900.0|0.0|0.0|-3.0
328|SalePrice|1|0|0.0|||||1|100.0|||0|0.0|0|0.0|0|0.0|1|100.0|0|||||||0.0|0.0
330|SalePrice|1|0|0.0|||||1|100.0|||0|0.0|0|0.0|0|0.0|1|100.0|0|||||||0.0|0.0
332|SalePrice|1|1|160000.0|160000.0|160000.0|160000.0|160000.0|1|100.0|||0|0.0|0|0.0|1|100.0|0|0.0|1|160000.0|160000.0|0.0|160000.0|160000.0|0.0|0.0|-3.0
336|SalePrice|2|1|87000.0|87000.0|87000.0|87000.0||1|50.0|||0|0.0|0|0.0|1|50.0|1|50.0|1|87000.0|87000.0|0.0|87000.0|87000.0|0.0|0.0|-3.0
341|SalePrice|1|0|0.0|||||1|100.0|||0|0.0|0|0.0|0|0.0|1|100.0|0|||||||0.0|0.0
343|SalePrice|1|0|0.0|||||1|100.0|||0|0.0|0|0.0|0|0.0|1|100.0|0|||||||0.0|0.0
348|SalePrice|2|1|96500.0|96500.0|96500.0|96500.0||1|50.0|||0|0.0|0|0.0|1|50.0|1|50.0|1|96500.0|96500.0|0.0|96500.0|96500.0|0.0|0.0|-3.0
349|SalePrice|1|1|131000.0|131000.0|131000.0|131000.0|131000.0|1|100.0|||0|0.0|0|0.0|1|100.0|0|0.0|1|131000.0|131000.0|0.0|131000.0|131000.0|0.0|0.0|-3.0
351|SalePrice|2|1|100000.0|100000.0|100000.0|100000.0||1|50.0|||0|0.0|0|0.0|1|50.0|1|50.0|1|100000.0|100000.0|0.0|100000.0|100000.0|0.0|0.0|-3.0
356|SalePrice|1|0|0.0|||||1|100.0|||0|0.0|0|0.0|0|0.0|1|100.0|0|||||||0.0|0.0
358|SalePrice|1|1|125500.0|125500.0|125500.0|125500.0|125500.0|1|100.0|||0|0.0|0|0.0|1|100.0|0|0.0|1|125500.0|125500.0|0.0|125500.0|125500.0|0.0|0.0|-3.0
360|SalePrice|1|0|0.0|||||1|100.0|||0|0.0|0|0.0|0|0.0|1|100.0|0|||||||0.0|0.0
363|SalePrice|1|0|0.0|||||1|100.0|||0|0.0|0|0.0|0|0.0|1|100.0|0|||||||0.0|0.0
368|SalePrice|3|1|37900.0|37900.0|37900.0|37900.0||2|66.67|||0|0.0|0|0.0|1|33.33|2|66.67|1|37900.0|37900.0|0.0|37900.0|37900.0|0.0|0.0|-3.0
370|SalePrice|1|1|170000.0|170000.0|170000.0|170000.0|170000.0|1|100.0|||0|0.0|0|0.0|1|100.0|0|0.0|1|170000.0|170000.0|0.0|170000.0|170000.0|0.0|0.0|-3.0
371|SalePrice|1|1|89500.0|89500.0|89500.0|89500.0|89500.0|1|100.0|||0|0.0|0|0.0|1|100.0|0|0.0|1|89500.0|89500.0|0.0|89500.0|89500.0|0.0|0.0|-3.0
375|SalePrice|1|0|0.0|||||1|100.0|||0|0.0|0|0.0|0|0.0|1|100.0|0|||||||0.0|0.0
376|SalePrice|1|0|0.0|||||1|100.0|||0|0.0|0|0.0|0|0.0|1|100.0|0|||||||0.0|0.0
378|SalePrice|4|1|126000.0|126000.0|126000.0|126000.0||3|75.0|||0|0.0|0|0.0|1|25.0|3|75.0|1|126000.0|126000.0|0.0|126000.0|126000.0|0.0|0.0|-3.0
380|SalePrice|2|0|0.0|||||2|100.0|||0|0.0|0|0.0|0|0.0|2|100.0|0|||||||0.0|0.0
384|SalePrice|2|2|234500.0|117250.0|117243.34|117250.0|118500.0|1|50.0|3125000.0|1767.77|0|0.0|0|0.0|2|100.0|0|0.0|2|116000.0|118500.0|2500.0|116625.0|117875.0|1250.0|0.0|-2.0
390|SalePrice|1|1|134900.0|134900.0|134900.0|134900.0|134900.0|1|100.0|||0|0.0|0|0.0|1|100.0|0|0.0|1|134900.0|134900.0|0.0|134900.0|134900.0|0.0|0.0|-3.0
396|SalePrice|1|0|0.0|||||1|100.0|||0|0.0|0|0.0|0|0.0|1|100.0|0|||||||0.0|0.0
400|SalePrice|1|0|0.0|||||1|100.0|||0|0.0|0|0.0|0|0.0|1|100.0|0|||||||0.0|0.0
403|SalePrice|1|1|140000.0|140000.0|140000.0|140000.0|140000.0|1|100.0|||0|0.0|0|0.0|1|100.0|0|0.0|1|140000.0|140000.0|0.0|140000.0|140000.0|0.0|0.0|-3.0
406|SalePrice|2|2|234000.0|117000.0|116982.9|117000.0|115000.0|1|50.0|8000000.0|2828.43|0|0.0|0|0.0|2|100.0|0|0.0|2|115000.0|119000.0|4000.0|116000.0|118000.0|2000.0|0.0|-2.0
408|SalePrice|3|2|232500.0|116250.0|115704.36|116250.0||1|33.33|253125000.0|15909.9|0|0.0|0|0.0|2|66.67|1|33.33|2|105000.0|127500.0|22500.0|110625.0|121875.0|11250.0|0.0|-2.0
412|SalePrice|3|0|0.0|||||3|100.0|||0|0.0|0|0.0|0|0.0|3|100.0|0|||||||0.0|0.0
420|SalePrice|1|0|0.0|||||1|100.0|||0|0.0|0|0.0|0|0.0|1|100.0|0|||||||0.0|0.0
423|SalePrice|1|0|0.0|||||1|100.0|||0|0.0|0|0.0|0|0.0|1|100.0|0|||||||0.0|0.0
424|SalePrice|3|0|0.0|||||3|100.0|||0|0.0|0|0.0|0|0.0|3|100.0|0|||||||0.0|0.0
425|SalePrice|1|0|0.0|||||1|100.0|||0|0.0|0|0.0|0|0.0|1|100.0|0|||||||0.0|0.0
428|SalePrice|1|0|0.0|||||1|100.0|||0|0.0|0|0.0|0|0.0|1|100.0|0|||||||0.0|0.0
430|SalePrice|2|1|68400.0|68400.0|68400.0|68400.0||1|50.0|||0|0.0|0|0.0|1|50.0|1|50.0|1|68400.0|68400.0|0.0|68400.0|68400.0|0.0|0.0|-3.0
432|SalePrice|3|2|256500.0|128250.0|128230.26|128250.0||1|33.33|10125000.0|3181.98|0|0.0|0|0.0|2|66.67|1|33.33|2|126000.0|130500.0|4500.0|127125.0|129375.0|2250.0|0.0|-2.0
434|SalePrice|1|0|0.0|||||1|100.0|||0|0.0|0|0.0|0|0.0|1|100.0|0|||||||0.0|0.0
436|SalePrice|2|0|0.0|||||2|100.0|||0|0.0|0|0.0|0|0.0|2|100.0|0|||||||0.0|0.0
438|SalePrice|1|1|241000.0|241000.0|241000.0|241000.0|241000.0|1|100.0|||0|0.0|0|0.0|1|100.0|0|0.0|1|241000.0|241000.0|0.0|241000.0|241000.0|0.0|0.0|-3.0
439|SalePrice|1|1|108000.0|108000.0|108000.0|108000.0|108000.0|1|100.0|||0|0.0|0|0.0|1|100.0|0|0.0|1|108000.0|108000.0|0.0|108000.0|108000.0|0.0|0.0|-3.0
441|SalePrice|1|1|98000.0|98000.0|98000.0|98000.0|98000.0|1|100.0|||0|0.0|0|0.0|1|100.0|0|0.0|1|98000.0|98000.0|0.0|98000.0|98000.0|0.0|0.0|-3.0
442|SalePrice|2|0|0.0|||||2|100.0|||0|0.0|0|0.0|0|0.0|2|100.0|0|||||||0.0|0.0
444|SalePrice|1|0|0.0|||||1|100.0|||0|0.0|0|0.0|0|0.0|1|100.0|0|||||||0.0|0.0
445|SalePrice|2|2|274900.0|137450.0|135073.31|137450.0|162900.0|1|50.0|1295405000.0|35991.74|0|0.0|0|0.0|2|100.0|0|0.0|2|112000.0|162900.0|50900.0|124725.0|150175.0|25450.0|0.0|-2.0
448|SalePrice|3|2|252450.0|126225.0|125724.9|126225.0||1|33.33|252001250.0|15874.55|0|0.0|0|0.0|2|66.67|1|33.33|2|115000.0|137450.0|22450.0|120612.5|131837.5|11225.0|0.0|-2.0
450|SalePrice|1|0|0.0|||||1|100.0|||0|0.0|0|0.0|0|0.0|1|100.0|0|||||||0.0|0.0
453|SalePrice|1|0|0.0|||||1|100.0|||0|0.0|0|0.0|0|0.0|1|100.0|0|||||||0.0|0.0
454|SalePrice|1|1|91500.0|91500.0|91500.0|91500.0|91500.0|1|100.0|||0|0.0|0|0.0|1|100.0|0|0.0|1|91500.0|91500.0|0.0|91500.0|91500.0|0.0|0.0|-3.0
455|SalePrice|1|1|66500.0|66500.0|66500.0|66500.0|66500.0|1|100.0|||0|0.0|0|0.0|1|100.0|0|0.0|1|66500.0|66500.0|0.0|66500.0|66500.0|0.0|0.0|-3.0
456|SalePrice|1|1|121600.0|121600.0|121600.0|121600.0|121600.0|1|100.0|||0|0.0|0|0.0|1|100.0|0|0.0|1|121600.0|121600.0|0.0|121600.0|121600.0|0.0|0.0|-3.0
457|SalePrice|1|1|104900.0|104900.0|104900.0|104900.0|104900.0|1|100.0|||0|0.0|0|0.0|1|100.0|0|0.0|1|104900.0|104900.0|0.0|104900.0|104900.0|0.0|0.0|-3.0
462|SalePrice|6|1|91000.0|91000.0|91000.0|91000.0||5|83.33|||0|0.0|0|0.0|1|16.67|5|83.33|1|91000.0|91000.0|0.0|91000.0|91000.0|0.0|0.0|-3.0
464|SalePrice|2|1|117000.0|117000.0|117000.0|117000.0||1|50.0|||0|0.0|0|0.0|1|50.0|1|50.0|1|117000.0|117000.0|0.0|117000.0|117000.0|0.0|0.0|-3.0
465|SalePrice|1|0|0.0|||||1|100.0|||0|0.0|0|0.0|0|0.0|1|100.0|0|||||||0.0|0.0
466|SalePrice|1|0|0.0|||||1|100.0|||0|0.0|0|0.0|0|0.0|1|100.0|0|||||||0.0|0.0
467|SalePrice|2|2|299000.0|149500.0|149479.1|149500.0|147000.0|1|50.0|12500000.0|3535.53|0|0.0|0|0.0|2|100.0|0|0.0|2|147000.0|152000.0|5000.0|148250.0|150750.0|2500.0|0.0|-2.0
468|SalePrice|3|1|134432.0|134432.0|134432.0|134432.0||2|66.67|||0|0.0|0|0.0|1|33.33|2|66.67|1|134432.0|134432.0|0.0|134432.0|134432.0|0.0|0.0|-3.0
472|SalePrice|2|2|276500.0|138250.0|138211.79|138250.0|135000.0|1|50.0|21125000.0|4596.19|0|0.0|0|0.0|2|100.0|0|0.0|2|135000.0|141500.0|6500.0|136625.0|139875.0|3250.0|0.0|-2.0
473|SalePrice|3|1|135000.0|135000.0|135000.0|135000.0||2|66.67|||0|0.0|0|0.0|1|33.33|2|66.67|1|135000.0|135000.0|0.0|135000.0|135000.0|0.0|0.0|-3.0
475|SalePrice|1|1|166000.0|166000.0|166000.0|166000.0|166000.0|1|100.0|||0|0.0|0|0.0|1|100.0|0|0.0|1|166000.0|166000.0|0.0|166000.0|166000.0|0.0|0.0|-3.0
476|SalePrice|1|0|0.0|||||1|100.0|||0|0.0|0|0.0|0|0.0|1|100.0|0|||||||0.0|0.0
477|SalePrice|1|0|0.0|||||1|100.0|||0|0.0|0|0.0|0|0.0|1|100.0|0|||||||0.0|0.0
482|SalePrice|1|1|230500.0|230500.0|230500.0|230500.0|230500.0|1|100.0|||0|0.0|0|0.0|1|100.0|0|0.0|1|230500.0|230500.0|0.0|230500.0|230500.0|0.0|0.0|-3.0
486|SalePrice|1|0|0.0|||||1|100.0|||0|0.0|0|0.0|0|0.0|1|100.0|0|||||||0.0|0.0
488|SalePrice|1|0|0.0|||||1|100.0|||0|0.0|0|0.0|0|0.0|1|100.0|0|||||||0.0|0.0
492|SalePrice|2|0|0.0|||||2|100.0|||0|0.0|0|0.0|0|0.0|2|100.0|0|||||||0.0|0.0
493|SalePrice|1|0|0.0|||||1|100.0|||0|0.0|0|0.0|0|0.0|1|100.0|0|||||||0.0|0.0
494|SalePrice|1|0|0.0|||||1|100.0|||0|0.0|0|0.0|0|0.0|1|100.0|0|||||||0.0|0.0
495|SalePrice|3|1|95000.0|95000.0|95000.0|95000.0||2|66.67|||0|0.0|0|0.0|1|33.33|2|66.67|1|95000.0|95000.0|0.0|95000.0|95000.0|0.0|0.0|-3.0
496|SalePrice|1|0|0.0|||||1|100.0|||0|0.0|0|0.0|0|0.0|1|100.0|0|||||||0.0|0.0
498|SalePrice|1|0|0.0|||||1|100.0|||0|0.0|0|0.0|0|0.0|1|100.0|0|||||||0.0|0.0
499|SalePrice|1|0|0.0|||||1|100.0|||0|0.0|0|0.0|0|0.0|1|100.0|0|||||||0.0|0.0
500|SalePrice|1|0|0.0|||||1|100.0|||0|0.0|0|0.0|0|0.0|1|100.0|0|||||||0.0|0.0
501|SalePrice|1|0|0.0|||||1|100.0|||0|0.0|0|0.0|0|0.0|1|100.0|0|||||||0.0|0.0
502|SalePrice|1|0|0.0|||||1|100.0|||0|0.0|0|0.0|0|0.0|1|100.0|0|||||||0.0|0.0
504|SalePrice|17|9|1019900.0|113322.22|108072.52|100000.0||8|47.06|1882196944.44|43384.29|0|0.0|0|0.0|9|52.94|8|47.06|9|83000.0|223500.0|140500.0|89500.0|118000.0|28500.0|2.05|2.93
505|SalePrice|1|0|0.0|||||1|100.0|||0|0.0|0|0.0|0|0.0|1|100.0|0|||||||0.0|0.0
510|SalePrice|2|1|140000.0|140000.0|140000.0|140000.0||1|50.0|||0|0.0|0|0.0|1|50.0|1|50.0|1|140000.0|140000.0|0.0|140000.0|140000.0|0.0|0.0|-3.0
511|SalePrice|1|1|185000.0|185000.0|185000.0|185000.0|185000.0|1|100.0|||0|0.0|0|0.0|1|100.0|0|0.0|1|185000.0|185000.0|0.0|185000.0|185000.0|0.0|0.0|-3.0
512|SalePrice|3|1|110000.0|110000.0|110000.0|110000.0||2|66.67|||0|0.0|0|0.0|1|33.33|2|66.67|1|110000.0|110000.0|0.0|110000.0|110000.0|0.0|0.0|-3.0
514|SalePrice|1|1|189950.0|189950.0|189950.0|189950.0|189950.0|1|100.0|||0|0.0|0|0.0|1|100.0|0|0.0|1|189950.0|189950.0|0.0|189950.0|189950.0|0.0|0.0|-3.0
516|SalePrice|3|0|0.0|||||3|100.0|||0|0.0|0|0.0|0|0.0|3|100.0|0|||||||0.0|0.0
517|SalePrice|2|1|145000.0|145000.0|145000.0|145000.0||1|50.0|||0|0.0|0|0.0|1|50.0|1|50.0|1|145000.0|145000.0|0.0|145000.0|145000.0|0.0|0.0|-3.0
518|SalePrice|1|1|107000.0|107000.0|107000.0|107000.0|107000.0|1|100.0|||0|0.0|0|0.0|1|100.0|0|0.0|1|107000.0|107000.0|0.0|107000.0|107000.0|0.0|0.0|-3.0
520|SalePrice|3|2|220000.0|110000.0|109886.3|110000.0||1|33.33|50000000.0|7071.07|0|0.0|0|0.0|2|66.67|1|33.33|2|105000.0|115000.0|10000.0|107500.0|112500.0|5000.0|0.0|-2.0
521|SalePrice|1|1|135500.0|135500.0|135500.0|135500.0|135500.0|1|100.0|||0|0.0|0|0.0|1|100.0|0|0.0|1|135500.0|135500.0|0.0|135500.0|135500.0|0.0|0.0|-3.0
523|SalePrice|1|1|154900.0|154900.0|154900.0|154900.0|154900.0|1|100.0|||0|0.0|0|0.0|1|100.0|0|0.0|1|154900.0|154900.0|0.0|154900.0|154900.0|0.0|0.0|-3.0
524|SalePrice|3|1|79000.0|79000.0|79000.0|79000.0||2|66.67|||0|0.0|0|0.0|1|33.33|2|66.67|1|79000.0|79000.0|0.0|79000.0|79000.0|0.0|0.0|-3.0
525|SalePrice|2|0|0.0|||||2|100.0|||0|0.0|0|0.0|0|0.0|2|100.0|0|||||||0.0|0.0
526|SalePrice|1|1|81000.0|81000.0|81000.0|81000.0|81000.0|1|100.0|||0|0.0|0|0.0|1|100.0|0|0.0|1|81000.0|81000.0|0.0|81000.0|81000.0|0.0|0.0|-3.0
527|SalePrice|1|1|107500.0|107500.0|107500.0|107500.0|107500.0|1|100.0|||0|0.0|0|0.0|1|100.0|0|0.0|1|107500.0|107500.0|0.0|107500.0|107500.0|0.0|0.0|-3.0
528|SalePrice|1|0|0.0|||||1|100.0|||0|0.0|0|0.0|0|0.0|1|100.0|0|||||||0.0|0.0
530|SalePrice|3|2|288500.0|144250.0|137613.59|144250.0|187500.0|1|33.33|3741125000.0|61164.74|0|0.0|0|0.0|2|66.67|1|33.33|2|101000.0|187500.0|86500.0|122625.0|165875.0|43250.0|0.0|-2.0
531|SalePrice|1|0|0.0|||||1|100.0|||0|0.0|0|0.0|0|0.0|1|100.0|0|||||||0.0|0.0
532|SalePrice|1|0|0.0|||||1|100.0|||0|0.0|0|0.0|0|0.0|1|100.0|0|||||||0.0|0.0
533|SalePrice|1|1|139000.0|139000.0|139000.0|139000.0|139000.0|1|100.0|||0|0.0|0|0.0|1|100.0|0|0.0|1|139000.0|139000.0|0.0|139000.0|139000.0|0.0|0.0|-3.0
534|SalePrice|2|2|254000.0|127000.0|125079.97|127000.0|105000.0|1|50.0|968000000.0|31112.7|0|0.0|0|0.0|2|100.0|0|0.0|2|105000.0|149000.0|44000.0|116000.0|138000.0|22000.0|0.0|-2.0
536|SalePrice|3|0|0.0|||||3|100.0|||0|0.0|0|0.0|0|0.0|3|100.0|0|||||||0.0|0.0
537|SalePrice|2|0|0.0|||||2|100.0|||0|0.0|0|0.0|0|0.0|2|100.0|0|||||||0.0|0.0
539|SalePrice|2|1|116900.0|116900.0|116900.0|116900.0||1|50.0|||0|0.0|0|0.0|1|50.0|1|50.0|1|116900.0|116900.0|0.0|116900.0|116900.0|0.0|0.0|-3.0
540|SalePrice|1|1|153900.0|153900.0|153900.0|153900.0|153900.0|1|100.0|||0|0.0|0|0.0|1|100.0|0|0.0|1|153900.0|153900.0|0.0|153900.0|153900.0|0.0|0.0|-3.0
541|SalePrice|1|0|0.0|||||1|100.0|||0|0.0|0|0.0|0|0.0|1|100.0|0|||||||0.0|0.0
544|SalePrice|1|0|0.0|||||1|100.0|||0|0.0|0|0.0|0|0.0|1|100.0|0|||||||0.0|0.0
545|SalePrice|1|1|139500.0|139500.0|139500.0|139500.0|139500.0|1|100.0|||0|0.0|0|0.0|1|100.0|0|0.0|1|139500.0|139500.0|0.0|139500.0|139500.0|0.0|0.0|-3.0
546|SalePrice|23|8|763500.0|95437.5|94498.2|94250.0||15|65.22|207888392.86|14418.34|0|0.0|0|0.0|8|34.78|15|65.22|8|75000.0|118000.0|43000.0|86875.0|101375.0|14500.0|0.32|-0.91
547|SalePrice|1|1|127500.0|127500.0|127500.0|127500.0|127500.0|1|100.0|||0|0.0|0|0.0|1|100.0|0|0.0|1|127500.0|127500.0|0.0|127500.0|127500.0|0.0|0.0|-3.0
548|SalePrice|3|1|110000.0|110000.0|110000.0|110000.0||2|66.67|||0|0.0|0|0.0|1|33.33|2|66.67|1|110000.0|110000.0|0.0|110000.0|110000.0|0.0|0.0|-3.0
549|SalePrice|1|0|0.0|||||1|100.0|||0|0.0|0|0.0|0|0.0|1|100.0|0|||||||0.0|0.0
550|SalePrice|5|2|239000.0|119500.0|119264.41|119500.0||3|60.0|112500000.0|10606.6|0|0.0|0|0.0|2|40.0|3|60.0|2|112000.0|127000.0|15000.0|115750.0|123250.0|7500.0|0.0|-2.0
551|SalePrice|4|4|688424.0|172106.0|150771.78|141900.0|135000.0|1|25.0|11385509477.33|106702.9|0|0.0|0|0.0|4|100.0|0|0.0|4|79000.0|325624.0|246624.0|121000.0|193006.0|72006.0|0.87|-0.83
552|SalePrice|1|0|0.0|||||1|100.0|||0|0.0|0|0.0|0|0.0|1|100.0|0|||||||0.0|0.0
554|SalePrice|1|0|0.0|||||1|100.0|||0|0.0|0|0.0|0|0.0|1|100.0|0|||||||0.0|0.0
556|SalePrice|1|1|140000.0|140000.0|140000.0|140000.0|140000.0|1|100.0|||0|0.0|0|0.0|1|100.0|0|0.0|1|140000.0|140000.0|0.0|140000.0|140000.0|0.0|0.0|-3.0
557|SalePrice|1|1|125500.0|125500.0|125500.0|125500.0|125500.0|1|100.0|||0|0.0|0|0.0|1|100.0|0|0.0|1|125500.0|125500.0|0.0|125500.0|125500.0|0.0|0.0|-3.0
558|SalePrice|1|0|0.0|||||1|100.0|||0|0.0|0|0.0|0|0.0|1|100.0|0|||||||0.0|0.0
560|SalePrice|3|2|260000.0|130000.0|127573.51|130000.0||1|33.33|1250000000.0|35355.34|0|0.0|0|0.0|2|66.67|1|33.33|2|105000.0|155000.0|50000.0|117500.0|142500.0|25000.0|0.0|-2.0
561|SalePrice|2|1|124900.0|124900.0|124900.0|124900.0||1|50.0|||0|0.0|0|0.0|1|50.0|1|50.0|1|124900.0|124900.0|0.0|124900.0|124900.0|0.0|0.0|-3.0
563|SalePrice|1|0|0.0|||||1|100.0|||0|0.0|0|0.0|0|0.0|1|100.0|0|||||||0.0|0.0
564|SalePrice|4|2|226000.0|113000.0|112960.17|113000.0||2|50.0|18000000.0|4242.64|0|0.0|0|0.0|2|50.0|2|50.0|2|110000.0|116000.0|6000.0|111500.0|114500.0|3000.0|0.0|-2.0
566|SalePrice|1|1|143000.0|143000.0|143000.0|143000.0|143000.0|1|100.0|||0|0.0|0|0.0|1|100.0|0|0.0|1|143000.0|143000.0|0.0|143000.0|143000.0|0.0|0.0|-3.0
567|SalePrice|6|2|216000.0|108000.0|106131.99|108000.0||4|66.67|800000000.0|28284.27|0|0.0|0|0.0|2|33.33|4|66.67|2|88000.0|128000.0|40000.0|98000.0|118000.0|20000.0|0.0|-2.0
568|SalePrice|3|2|582950.0|291475.0|243321.7|291475.0|451950.0|1|33.33|51504451250.0|226945.92|0|0.0|0|0.0|2|66.67|1|33.33|2|131000.0|451950.0|320950.0|211237.5|371712.5|160475.0|0.0|-2.0
570|SalePrice|1|0|0.0|||||1|100.0|||0|0.0|0|0.0|0|0.0|1|100.0|0|||||||0.0|0.0
571|SalePrice|1|1|239799.0|239799.0|239799.0|239799.0|239799.0|1|100.0|||0|0.0|0|0.0|1|100.0|0|0.0|1|239799.0|239799.0|0.0|239799.0|239799.0|0.0|0.0|-3.0
573|SalePrice|1|1|261500.0|261500.0|261500.0|261500.0|261500.0|1|100.0|||0|0.0|0|0.0|1|100.0|0|0.0|1|261500.0|261500.0|0.0|261500.0|261500.0|0.0|0.0|-3.0
574|SalePrice|2|2|517500.0|258750.0|228582.59|258750.0|137500.0|1|50.0|29403125000.0|171473.39|0|0.0|0|0.0|2|100.0|0|0.0|2|137500.0|380000.0|242500.0|198125.0|319375.0|121250.0|0.0|-2.0
576|SalePrice|3|2|178000.0|89000.0|88910.07|89000.0||1|33.33|32000000.0|5656.85|0|0.0|0|0.0|2|66.67|1|33.33|2|85000.0|93000.0|8000.0|87000.0|91000.0|4000.0|0.0|-2.0
580|SalePrice|2|1|140000.0|140000.0|140000.0|140000.0||1|50.0|||0|0.0|0|0.0|1|50.0|1|50.0|1|140000.0|140000.0|0.0|140000.0|140000.0|0.0|0.0|-3.0
581|SalePrice|2|1|157500.0|157500.0|157500.0|157500.0||1|50.0|||0|0.0|0|0.0|1|50.0|1|50.0|1|157500.0|157500.0|0.0|157500.0|157500.0|0.0|0.0|-3.0
582|SalePrice|2|1|127000.0|127000.0|127000.0|127000.0||1|50.0|||0|0.0|0|0.0|1|50.0|1|50.0|1|127000.0|127000.0|0.0|127000.0|127000.0|0.0|0.0|-3.0
583|SalePrice|1|0|0.0|||||1|100.0|||0|0.0|0|0.0|0|0.0|1|100.0|0|||||||0.0|0.0
584|SalePrice|2|2|245000.0|122500.0|122049.17|122500.0|112000.0|1|50.0|220500000.0|14849.24|0|0.0|0|0.0|2|100.0|0|0.0|2|112000.0|133000.0|21000.0|117250.0|127750.0|10500.0|0.0|-2.0
585|SalePrice|1|0|0.0|||||1|100.0|||0|0.0|0|0.0|0|0.0|1|100.0|0|||||||0.0|0.0
586|SalePrice|1|1|148500.0|148500.0|148500.0|148500.0|148500.0|1|100.0|||0|0.0|0|0.0|1|100.0|0|0.0|1|148500.0|148500.0|0.0|148500.0|148500.0|0.0|0.0|-3.0
587|SalePrice|1|1|132500.0|132500.0|132500.0|132500.0|132500.0|1|100.0|||0|0.0|0|0.0|1|100.0|0|0.0|1|132500.0|132500.0|0.0|132500.0|132500.0|0.0|0.0|-3.0
588|SalePrice|3|0|0.0|||||3|100.0|||0|0.0|0|0.0|0|0.0|3|100.0|0|||||||0.0|0.0
589|SalePrice|1|1|139000.0|139000.0|139000.0|139000.0|139000.0|1|100.0|||0|0.0|0|0.0|1|100.0|0|0.0|1|139000.0|139000.0|0.0|139000.0|139000.0|0.0|0.0|-3.0
590|SalePrice|1|1|426000.0|426000.0|426000.0|426000.0|426000.0|1|100.0|||0|0.0|0|0.0|1|100.0|0|0.0|1|426000.0|426000.0|0.0|426000.0|426000.0|0.0|0.0|-3.0
591|SalePrice|1|1|120000.0|120000.0|120000.0|120000.0|120000.0|1|100.0|||0|0.0|0|0.0|1|100.0|0|0.0|1|120000.0|120000.0|0.0|120000.0|120000.0|0.0|0.0|-3.0
592|SalePrice|2|1|169500.0|169500.0|169500.0|169500.0||1|50.0|||0|0.0|0|0.0|1|50.0|1|50.0|1|169500.0|169500.0|0.0|169500.0|169500.0|0.0|0.0|-3.0
594|SalePrice|1|0|0.0|||||1|100.0|||0|0.0|0|0.0|0|0.0|1|100.0|0|||||||0.0|0.0
595|SalePrice|4|1|141000.0|141000.0|141000.0|141000.0||3|75.0|||0|0.0|0|0.0|1|25.0|3|75.0|1|141000.0|141000.0|0.0|141000.0|141000.0|0.0|0.0|-3.0
596|SalePrice|4|3|402500.0|134166.67|124090.57|119500.0|119500.0|1|25.0|4193583333.33|64757.88|0|0.0|0|0.0|3|75.0|1|25.0|3|78000.0|205000.0|127000.0|98750.0|162250.0|63500.0|0.39|-1.5
600|SalePrice|13|7|944902.0|134986.0|133990.48|144152.0||6|46.15|296428372.0|17217.1|0|0.0|0|0.0|7|53.85|6|46.15|6|106250.0|151000.0|44750.0|123750.0|148000.0|24250.0|-0.59|-1.09
601|SalePrice|7|2|294500.0|147250.0|147244.69|147250.0||5|71.43|3125000.0|1767.77|0|0.0|0|0.0|2|28.57|5|71.43|2|146000.0|148500.0|2500.0|146625.0|147875.0|1250.0|0.0|-2.0
602|SalePrice|2|1|165000.0|165000.0|165000.0|165000.0||1|50.0|||0|0.0|0|0.0|1|50.0|1|50.0|1|165000.0|165000.0|0.0|165000.0|165000.0|0.0|0.0|-3.0
604|SalePrice|2|0|0.0|||||2|100.0|||0|0.0|0|0.0|0|0.0|2|100.0|0|||||||0.0|0.0
605|SalePrice|1|1|140200.0|140200.0|140200.0|140200.0|140200.0|1|100.0|||0|0.0|0|0.0|1|100.0|0|0.0|1|140200.0|140200.0|0.0|140200.0|140200.0|0.0|0.0|-3.0
606|SalePrice|1|0|0.0|||||1|100.0|||0|0.0|0|0.0|0|0.0|1|100.0|0|||||||0.0|0.0
608|SalePrice|2|0|0.0|||||2|100.0|||0|0.0|0|0.0|0|0.0|2|100.0|0|||||||0.0|0.0
610|SalePrice|1|0|0.0|||||1|100.0|||0|0.0|0|0.0|0|0.0|1|100.0|0|||||||0.0|0.0
611|SalePrice|3|1|128000.0|128000.0|128000.0|128000.0||2|66.67|||0|0.0|0|0.0|1|33.33|2|66.67|1|128000.0|128000.0|0.0|128000.0|128000.0|0.0|0.0|-3.0
612|SalePrice|2|2|338233.0|169116.5|169053.48|169116.5|173733.0|1|50.0|42624144.5|6528.72|0|0.0|0|0.0|2|100.0|0|0.0|2|164500.0|173733.0|9233.0|166808.25|171424.75|4616.5|0.0|-2.0
614|SalePrice|1|0|0.0|||||1|100.0|||0|0.0|0|0.0|0|0.0|1|100.0|0|||||||0.0|0.0
615|SalePrice|1|0|0.0|||||1|100.0|||0|0.0|0|0.0|0|0.0|1|100.0|0|||||||0.0|0.0
616|SalePrice|2|0|0.0|||||2|100.0|||0|0.0|0|0.0|0|0.0|2|100.0|0|||||||0.0|0.0
620|SalePrice|2|2|250000.0|125000.0|124743.74|125000.0|117000.0|1|50.0|128000000.0|11313.71|0|0.0|0|0.0|2|100.0|0|0.0|2|117000.0|133000.0|16000.0|121000.0|129000.0|8000.0|0.0|-2.0
622|SalePrice|1|1|125500.0|125500.0|125500.0|125500.0|125500.0|1|100.0|||0|0.0|0|0.0|1|100.0|0|0.0|1|125500.0|125500.0|0.0|125500.0|125500.0|0.0|0.0|-3.0
623|SalePrice|2|1|147400.0|147400.0|147400.0|147400.0||1|50.0|||0|0.0|0|0.0|1|50.0|1|50.0|1|147400.0|147400.0|0.0|147400.0|147400.0|0.0|0.0|-3.0
624|SalePrice|5|0|0.0|||||5|100.0|||0|0.0|0|0.0|0|0.0|5|100.0|0|||||||0.0|0.0
625|SalePrice|2|2|336600.0|168300.0|168261.49|168300.0|171900.0|1|50.0|25920000.0|5091.17|0|0.0|0|0.0|2|100.0|0|0.0|2|164700.0|171900.0|7200.0|166500.0|170100.0|3600.0|0.0|-2.0
626|SalePrice|1|1|274970.0|274970.0|274970.0|274970.0|274970.0|1|100.0|||0|0.0|0|0.0|1|100.0|0|0.0|1|274970.0|274970.0|0.0|274970.0|274970.0|0.0|0.0|-3.0
628|SalePrice|1|1|160000.0|160000.0|160000.0|160000.0|160000.0|1|100.0|||0|0.0|0|0.0|1|100.0|0|0.0|1|160000.0|160000.0|0.0|160000.0|160000.0|0.0|0.0|-3.0
629|SalePrice|1|0|0.0|||||1|100.0|||0|0.0|0|0.0|0|0.0|1|100.0|0|||||||0.0|0.0
630|SalePrice|6|1|125000.0|125000.0|125000.0|125000.0||5|83.33|||0|0.0|0|0.0|1|16.67|5|83.33|1|125000.0|125000.0|0.0|125000.0|125000.0|0.0|0.0|-3.0
631|SalePrice|2|1|239686.0|239686.0|239686.0|239686.0||1|50.0|||0|0.0|0|0.0|1|50.0|1|50.0|1|239686.0|239686.0|0.0|239686.0|239686.0|0.0|0.0|-3.0
634|SalePrice|1|1|117000.0|117000.0|117000.0|117000.0|117000.0|1|100.0|||0|0.0|0|0.0|1|100.0|0|0.0|1|117000.0|117000.0|0.0|117000.0|117000.0|0.0|0.0|-3.0
636|SalePrice|5|1|316600.0|316600.0|316600.0|316600.0||4|80.0|||0|0.0|0|0.0|1|20.0|4|80.0|1|316600.0|316600.0|0.0|316600.0|316600.0|0.0|0.0|-3.0
638|SalePrice|1|0|0.0|||||1|100.0|||0|0.0|0|0.0|0|0.0|1|100.0|0|||||||0.0|0.0
639|SalePrice|2|1|136900.0|136900.0|136900.0|136900.0||1|50.0|||0|0.0|0|0.0|1|50.0|1|50.0|1|136900.0|136900.0|0.0|136900.0|136900.0|0.0|0.0|-3.0
640|SalePrice|4|2|351600.0|175800.0|175603.96|175800.0||2|50.0|137780000.0|11737.97|0|0.0|0|0.0|2|50.0|2|50.0|2|167500.0|184100.0|16600.0|171650.0|179950.0|8300.0|0.0|-2.0
642|SalePrice|1|0|0.0|||||1|100.0|||0|0.0|0|0.0|0|0.0|1|100.0|0|||||||0.0|0.0
644|SalePrice|4|1|221000.0|221000.0|221000.0|221000.0||3|75.0|||0|0.0|0|0.0|1|25.0|3|75.0|1|221000.0|221000.0|0.0|221000.0|221000.0|0.0|0.0|-3.0
645|SalePrice|2|0|0.0|||||2|100.0|||0|0.0|0|0.0|0|0.0|2|100.0|0|||||||0.0|0.0
646|SalePrice|1|0|0.0|||||1|100.0|||0|0.0|0|0.0|0|0.0|1|100.0|0|||||||0.0|0.0
648|SalePrice|3|2|312000.0|156000.0|155948.71|156000.0||1|33.33|32000000.0|5656.85|0|0.0|0|0.0|2|66.67|1|33.33|2|152000.0|160000.0|8000.0|154000.0|158000.0|4000.0|0.0|-2.0
649|SalePrice|2|1|159000.0|159000.0|159000.0|159000.0||1|50.0|||0|0.0|0|0.0|1|50.0|1|50.0|1|159000.0|159000.0|0.0|159000.0|159000.0|0.0|0.0|-3.0
650|SalePrice|4|2|287000.0|143500.0|143499.13|143500.0||2|50.0|500000.0|707.11|0|0.0|0|0.0|2|50.0|2|50.0|2|143000.0|144000.0|1000.0|143250.0|143750.0|500.0|0.0|-2.0
651|SalePrice|3|2|443000.0|221500.0|209298.83|221500.0||1|33.33|10512500000.0|102530.48|0|0.0|0|0.0|2|66.67|1|33.33|2|149000.0|294000.0|145000.0|185250.0|257750.0|72500.0|0.0|-2.0
653|SalePrice|2|1|135000.0|135000.0|135000.0|135000.0||1|50.0|||0|0.0|0|0.0|1|50.0|1|50.0|1|135000.0|135000.0|0.0|135000.0|135000.0|0.0|0.0|-3.0
656|SalePrice|5|2|350000.0|175000.0|174928.56|175000.0||3|60.0|50000000.0|7071.07|0|0.0|0|0.0|2|40.0|3|60.0|2|170000.0|180000.0|10000.0|172500.0|177500.0|5000.0|0.0|-2.0
658|SalePrice|2|0|0.0|||||2|100.0|||0|0.0|0|0.0|0|0.0|2|100.0|0|||||||0.0|0.0
659|SalePrice|1|0|0.0|||||1|100.0|||0|0.0|0|0.0|0|0.0|1|100.0|0|||||||0.0|0.0
660|SalePrice|3|3|483000.0|161000.0|160993.76|162000.0|162000.0|2|66.67|3000000.0|1732.05|0|0.0|0|0.0|3|100.0|0|0.0|2|159000.0|162000.0|3000.0|160500.0|162000.0|1500.0|-0.71|-1.5
661|SalePrice|1|1|124000.0|124000.0|124000.0|124000.0|124000.0|1|100.0|||0|0.0|0|0.0|1|100.0|0|0.0|1|124000.0|124000.0|0.0|124000.0|124000.0|0.0|0.0|-3.0
662|SalePrice|3|0|0.0|||||3|100.0|||0|0.0|0|0.0|0|0.0|3|100.0|0|||||||0.0|0.0
663|SalePrice|2|0|0.0|||||2|100.0|||0|0.0|0|0.0|0|0.0|2|100.0|0|||||||0.0|0.0
664|SalePrice|1|1|132000.0|132000.0|132000.0|132000.0|132000.0|1|100.0|||0|0.0|0|0.0|1|100.0|0|0.0|1|132000.0|132000.0|0.0|132000.0|132000.0|0.0|0.0|-3.0
665|SalePrice|3|1|127000.0|127000.0|127000.0|127000.0||2|66.67|||0|0.0|0|0.0|1|33.33|2|66.67|1|127000.0|127000.0|0.0|127000.0|127000.0|0.0|0.0|-3.0
668|SalePrice|5|3|336500.0|112166.67|94934.4|124000.0||2|40.0|4494083333.33|67037.92|0|0.0|0|0.0|3|60.0|2|40.0|3|40000.0|172500.0|132500.0|82000.0|148250.0|66250.0|-0.31|-1.5
670|SalePrice|4|3|492400.0|164133.33|164096.61|163900.0|163900.0|1|25.0|18103333.33|4254.8|0|0.0|0|0.0|3|75.0|1|25.0|3|160000.0|168500.0|8500.0|161950.0|166200.0|4250.0|0.1|-1.5
671|SalePrice|2|0|0.0|||||2|100.0|||0|0.0|0|0.0|0|0.0|2|100.0|0|||||||0.0|0.0
672|SalePrice|13|8|1051534.0|131441.75|129498.64|129750.0||5|38.46|585991601.64|24207.26|0|0.0|0|0.0|8|61.54|5|38.46|8|103600.0|164000.0|60400.0|110500.0|150108.5|39608.5|0.15|-1.58
673|SalePrice|1|0|0.0|||||1|100.0|||0|0.0|0|0.0|0|0.0|1|100.0|0|||||||0.0|0.0
674|SalePrice|1|0|0.0|||||1|100.0|||0|0.0|0|0.0|0|0.0|1|100.0|0|||||||0.0|0.0
676|SalePrice|6|2|348000.0|174000.0|173974.14|174000.0||4|66.67|18000000.0|4242.64|0|0.0|0|0.0|2|33.33|4|66.67|2|171000.0|177000.0|6000.0|172500.0|175500.0|3000.0|0.0|-2.0
677|SalePrice|4|3|663500.0|221166.67|212624.24|176500.0|176500.0|1|25.0|6326583333.33|79539.82|0|0.0|0|0.0|3|75.0|1|25.0|3|174000.0|313000.0|139000.0|175250.0|244750.0|69500.0|0.71|-1.5
678|SalePrice|5|2|324000.0|162000.0|160881.94|162000.0||3|60.0|722000000.0|26870.06|0|0.0|0|0.0|2|40.0|3|60.0|2|143000.0|181000.0|38000.0|152500.0|171500.0|19000.0|0.0|-2.0
679|SalePrice|1|1|87000.0|87000.0|87000.0|87000.0|87000.0|1|100.0|||0|0.0|0|0.0|1|100.0|0|0.0|1|87000.0|87000.0|0.0|87000.0|87000.0|0.0|0.0|-3.0
680|SalePrice|2|0|0.0|||||2|100.0|||0|0.0|0|0.0|0|0.0|2|100.0|0|||||||0.0|0.0
682|SalePrice|1|1|135000.0|135000.0|135000.0|135000.0|135000.0|1|100.0|||0|0.0|0|0.0|1|100.0|0|0.0|1|135000.0|135000.0|0.0|135000.0|135000.0|0.0|0.0|-3.0
683|SalePrice|2|0|0.0|||||2|100.0|||0|0.0|0|0.0|0|0.0|2|100.0|0|||||||0.0|0.0
684|SalePrice|5|3|445004.0|148334.67|146204.24|161500.0||2|40.0|872448005.33|29537.23|0|0.0|0|0.0|3|60.0|2|40.0|3|114504.0|169000.0|54496.0|138002.0|165250.0|27248.0|-0.66|-1.5
685|SalePrice|2|2|292000.0|146000.0|136802.78|146000.0|197000.0|1|50.0|5202000000.0|72124.89|0|0.0|0|0.0|2|100.0|0|0.0|2|95000.0|197000.0|102000.0|120500.0|171500.0|51000.0|0.0|-2.0
686|SalePrice|3|1|139000.0|139000.0|139000.0|139000.0||2|66.67|||0|0.0|0|0.0|1|33.33|2|66.67|1|139000.0|139000.0|0.0|139000.0|139000.0|0.0|0.0|-3.0
687|SalePrice|2|1|184000.0|184000.0|184000.0|184000.0||1|50.0|||0|0.0|0|0.0|1|50.0|1|50.0|1|184000.0|184000.0|0.0|184000.0|184000.0|0.0|0.0|-3.0
688|SalePrice|3|2|270000.0|135000.0|133510.3|135000.0||1|33.33|800000000.0|28284.27|0|0.0|0|0.0|2|66.67|1|33.33|2|115000.0|155000.0|40000.0|125000.0|145000.0|20000.0|0.0|-2.0
689|SalePrice|6|5|792500.0|158500.0|155191.64|158000.0|161000.0|1|16.67|1342250000.0|36636.73|0|0.0|0|0.0|5|83.33|1|16.67|5|113000.0|214500.0|101500.0|146000.0|161000.0|15000.0|0.45|-0.55
690|SalePrice|1|0|0.0|||||1|100.0|||0|0.0|0|0.0|0|0.0|1|100.0|0|||||||0.0|0.0
691|SalePrice|1|1|163000.0|163000.0|163000.0|163000.0|163000.0|1|100.0|||0|0.0|0|0.0|1|100.0|0|0.0|1|163000.0|163000.0|0.0|163000.0|163000.0|0.0|0.0|-3.0
694|SalePrice|1|1|175000.0|175000.0|175000.0|175000.0|175000.0|1|100.0|||0|0.0|0|0.0|1|100.0|0|0.0|1|175000.0|175000.0|0.0|175000.0|175000.0|0.0|0.0|-3.0
695|SalePrice|2|1|192000.0|192000.0|192000.0|192000.0||1|50.0|||0|0.0|0|0.0|1|50.0|1|50.0|1|192000.0|192000.0|0.0|192000.0|192000.0|0.0|0.0|-3.0
697|SalePrice|1|0|0.0|||||1|100.0|||0|0.0|0|0.0|0|0.0|1|100.0|0|||||||0.0|0.0
698|SalePrice|2|2|323575.0|161787.5|161578.93|161787.5|170000.0|1|50.0|134890312.5|11614.23|0|0.0|0|0.0|2|100.0|0|0.0|2|153575.0|170000.0|16425.0|157681.25|165893.75|8212.5|0.0|-2.0
700|SalePrice|3|1|277000.0|277000.0|277000.0|277000.0||2|66.67|||0|0.0|0|0.0|1|33.33|2|66.67|1|277000.0|277000.0|0.0|277000.0|277000.0|0.0|0.0|-3.0
701|SalePrice|3|1|178900.0|178900.0|178900.0|178900.0||2|66.67|||0|0.0|0|0.0|1|33.33|2|66.67|1|178900.0|178900.0|0.0|178900.0|178900.0|0.0|0.0|-3.0
702|SalePrice|7|4|722200.0|180550.0|180515.07|181600.0||3|42.86|16676666.67|4083.71|0|0.0|0|0.0|4|57.14|3|42.86|4|175000.0|184000.0|9000.0|178750.0|183400.0|4650.0|-0.63|-1.18
703|SalePrice|2|2|400750.0|200375.0|196617.01|200375.0|161750.0|1|50.0|2983781250.0|54624.0|0|0.0|0|0.0|2|100.0|0|0.0|2|161750.0|239000.0|77250.0|181062.5|219687.5|38625.0|0.0|-2.0
704|SalePrice|5|3|654500.0|218166.67|201055.56|174500.0||2|40.0|12455083333.33|111602.34|0|0.0|0|0.0|3|60.0|2|40.0|3|135000.0|345000.0|210000.0|154750.0|259750.0|105000.0|0.61|-1.5
707|SalePrice|3|1|178000.0|178000.0|178000.0|178000.0||2|66.67|||0|0.0|0|0.0|1|33.33|2|66.67|1|178000.0|178000.0|0.0|178000.0|178000.0|0.0|0.0|-3.0
708|SalePrice|1|1|179900.0|179900.0|179900.0|179900.0|179900.0|1|100.0|||0|0.0|0|0.0|1|100.0|0|0.0|1|179900.0|179900.0|0.0|179900.0|179900.0|0.0|0.0|-3.0
709|SalePrice|2|2|350000.0|175000.0|174714.05|175000.0|165000.0|1|50.0|200000000.0|14142.14|0|0.0|0|0.0|2|100.0|0|0.0|2|165000.0|185000.0|20000.0|170000.0|180000.0|10000.0|0.0|-2.0
711|SalePrice|1|1|172400.0|172400.0|172400.0|172400.0|172400.0|1|100.0|||0|0.0|0|0.0|1|100.0|0|0.0|1|172400.0|172400.0|0.0|172400.0|172400.0|0.0|0.0|-3.0
712|SalePrice|2|1|173000.0|173000.0|173000.0|173000.0||1|50.0|||0|0.0|0|0.0|1|50.0|1|50.0|1|173000.0|173000.0|0.0|173000.0|173000.0|0.0|0.0|-3.0
713|SalePrice|2|1|135000.0|135000.0|135000.0|135000.0||1|50.0|||0|0.0|0|0.0|1|50.0|1|50.0|1|135000.0|135000.0|0.0|135000.0|135000.0|0.0|0.0|-3.0
714|SalePrice|3|1|158900.0|158900.0|158900.0|158900.0||2|66.67|||0|0.0|0|0.0|1|33.33|2|66.67|1|158900.0|158900.0|0.0|158900.0|158900.0|0.0|0.0|-3.0
715|SalePrice|1|0|0.0|||||1|100.0|||0|0.0|0|0.0|0|0.0|1|100.0|0|||||||0.0|0.0
716|SalePrice|3|2|301500.0|150750.0|145946.91|150750.0|188500.0|1|33.33|2850125000.0|53386.56|0|0.0|0|0.0|2|66.67|1|33.33|2|113000.0|188500.0|75500.0|131875.0|169625.0|37750.0|0.0|-2.0
717|SalePrice|2|1|175000.0|175000.0|175000.0|175000.0||1|50.0|||0|0.0|0|0.0|1|50.0|1|50.0|1|175000.0|175000.0|0.0|175000.0|175000.0|0.0|0.0|-3.0
718|SalePrice|1|0|0.0|||||1|100.0|||0|0.0|0|0.0|0|0.0|1|100.0|0|||||||0.0|0.0
720|SalePrice|13|7|1066500.0|152357.14|140194.69|169000.0||6|46.15|3174392857.14|56341.75|0|0.0|0|0.0|7|53.85|6|46.15|7|55000.0|210000.0|155000.0|126500.0|189750.0|63250.0|-0.76|-0.77
725|SalePrice|1|1|230000.0|230000.0|230000.0|230000.0|230000.0|1|100.0|||0|0.0|0|0.0|1|100.0|0|0.0|1|230000.0|230000.0|0.0|230000.0|230000.0|0.0|0.0|-3.0
726|SalePrice|1|0|0.0|||||1|100.0|||0|0.0|0|0.0|0|0.0|1|100.0|0|||||||0.0|0.0
727|SalePrice|2|1|154000.0|154000.0|154000.0|154000.0||1|50.0|||0|0.0|0|0.0|1|50.0|1|50.0|1|154000.0|154000.0|0.0|154000.0|154000.0|0.0|0.0|-3.0
728|SalePrice|18|10|1688150.0|168815.0|168414.31|168392.5||8|44.44|149888100.0|12242.88|0|0.0|0|0.0|10|55.56|8|44.44|10|149500.0|189000.0|39500.0|160622.5|177500.0|16877.5|0.02|-0.99
729|SalePrice|3|3|541500.0|180500.0|180282.27|176000.0|172500.0|1|33.33|120250000.0|10965.86|0|0.0|0|0.0|3|100.0|0|0.0|3|172500.0|193000.0|20500.0|174250.0|184500.0|10250.0|0.63|-1.5
730|SalePrice|2|1|194500.0|194500.0|194500.0|194500.0||1|50.0|||0|0.0|0|0.0|1|50.0|1|50.0|1|194500.0|194500.0|0.0|194500.0|194500.0|0.0|0.0|-3.0
732|SalePrice|3|1|130000.0|130000.0|130000.0|130000.0||2|66.67|||0|0.0|0|0.0|1|33.33|2|66.67|1|130000.0|130000.0|0.0|130000.0|130000.0|0.0|0.0|-3.0
734|SalePrice|1|1|196500.0|196500.0|196500.0|196500.0|196500.0|1|100.0|||0|0.0|0|0.0|1|100.0|0|0.0|1|196500.0|196500.0|0.0|196500.0|196500.0|0.0|0.0|-3.0
735|SalePrice|1|0|0.0|||||1|100.0|||0|0.0|0|0.0|0|0.0|1|100.0|0|||||||0.0|0.0
736|SalePrice|1|0|0.0|||||1|100.0|||0|0.0|0|0.0|0|0.0|1|100.0|0|||||||0.0|0.0
738|SalePrice|2|1|173500.0|173500.0|173500.0|173500.0||1|50.0|||0|0.0|0|0.0|1|50.0|1|50.0|1|173500.0|173500.0|0.0|173500.0|173500.0|0.0|0.0|-3.0
739|SalePrice|6|4|581400.0|145350.0|143778.11|133750.0||2|33.33|672990000.0|25942.05|0|0.0|0|0.0|4|66.67|2|33.33|3|130000.0|183900.0|53900.0|130000.0|149100.0|19100.0|1.09|-0.72
741|SalePrice|5|4|692400.0|173100.0|172868.14|177250.0|177500.0|1|20.0|102940000.0|10145.94|0|0.0|0|0.0|4|80.0|1|20.0|4|158000.0|179900.0|21900.0|172250.0|178100.0|5850.0|-1.1|-0.7
742|SalePrice|4|3|483000.0|161000.0|159152.18|174000.0|181000.0|1|25.0|829000000.0|28792.36|0|0.0|0|0.0|3|75.0|1|25.0|3|128000.0|181000.0|53000.0|151000.0|177500.0|26500.0|-0.66|-1.5
743|SalePrice|1|1|285000.0|285000.0|285000.0|285000.0|285000.0|1|100.0|||0|0.0|0|0.0|1|100.0|0|0.0|1|285000.0|285000.0|0.0|285000.0|285000.0|0.0|0.0|-3.0
744|SalePrice|6|2|334400.0|167200.0|166754.31|167200.0||4|66.67|297680000.0|17253.41|0|0.0|0|0.0|2|33.33|4|66.67|2|155000.0|179400.0|24400.0|161100.0|173300.0|12200.0|0.0|-2.0
745|SalePrice|2|1|131500.0|131500.0|131500.0|131500.0||1|50.0|||0|0.0|0|0.0|1|50.0|1|50.0|1|131500.0|131500.0|0.0|131500.0|131500.0|0.0|0.0|-3.0
747|SalePrice|1|0|0.0|||||1|100.0|||0|0.0|0|0.0|0|0.0|1|100.0|0|||||||0.0|0.0
748|SalePrice|3|2|360000.0|180000.0|179663.57|180000.0||1|33.33|242000000.0|15556.35|0|0.0|0|0.0|2|66.67|1|33.33|2|169000.0|191000.0|22000.0|174500.0|185500.0|11000.0|0.0|-2.0
750|SalePrice|4|1|173900.0|173900.0|173900.0|173900.0||3|75.0|||0|0.0|0|0.0|1|25.0|3|75.0|1|173900.0|173900.0|0.0|173900.0|173900.0|0.0|0.0|-3.0
752|SalePrice|2|1|129900.0|129900.0|129900.0|129900.0||1|50.0|||0|0.0|0|0.0|1|50.0|1|50.0|1|129900.0|129900.0|0.0|129900.0|129900.0|0.0|0.0|-3.0
753|SalePrice|1|0|0.0|||||1|100.0|||0|0.0|0|0.0|0|0.0|1|100.0|0|||||||0.0|0.0
754|SalePrice|6|2|314500.0|157250.0|154958.06|157250.0||4|66.67|1431125000.0|37830.21|0|0.0|0|0.0|2|33.33|4|66.67|2|130500.0|184000.0|53500.0|143875.0|170625.0|26750.0|0.0|-2.0
755|SalePrice|3|2|286000.0|143000.0|138650.64|143000.0||1|33.33|2450000000.0|49497.47|0|0.0|0|0.0|2|66.67|1|33.33|2|108000.0|178000.0|70000.0|125500.0|160500.0|35000.0|0.0|-2.0
756|SalePrice|9|5|804500.0|160900.0|160201.13|168500.0||4|44.44|273925000.0|16550.68|0|0.0|0|0.0|5|55.56|4|44.44|5|140000.0|177000.0|37000.0|146500.0|172500.0|26000.0|-0.37|-1.66
757|SalePrice|1|0|0.0|||||1|100.0|||0|0.0|0|0.0|0|0.0|1|100.0|0|||||||0.0|0.0
760|SalePrice|1|0|0.0|||||1|100.0|||0|0.0|0|0.0|0|0.0|1|100.0|0|||||||0.0|0.0
761|SalePrice|1|1|187000.0|187000.0|187000.0|187000.0|187000.0|1|100.0|||0|0.0|0|0.0|1|100.0|0|0.0|1|187000.0|187000.0|0.0|187000.0|187000.0|0.0|0.0|-3.0
762|SalePrice|3|2|752000.0|376000.0|375099.99|376000.0||1|33.33|1352000000.0|36769.55|0|0.0|0|0.0|2|66.67|1|33.33|2|350000.0|402000.0|52000.0|363000.0|389000.0|26000.0|0.0|-2.0
764|SalePrice|3|2|337500.0|168750.0|168340.43|168750.0||1|33.33|276125000.0|16617.01|0|0.0|0|0.0|2|66.67|1|33.33|2|157000.0|180500.0|23500.0|162875.0|174625.0|11750.0|0.0|-2.0
765|SalePrice|2|2|279900.0|139950.0|136112.09|139950.0|172500.0|1|50.0|2119005000.0|46032.65|0|0.0|0|0.0|2|100.0|0|0.0|2|107400.0|172500.0|65100.0|123675.0|156225.0|32550.0|0.0|-2.0
766|SalePrice|2|1|168000.0|168000.0|168000.0|168000.0||1|50.0|||0|0.0|0|0.0|1|50.0|1|50.0|1|168000.0|168000.0|0.0|168000.0|168000.0|0.0|0.0|-3.0
767|SalePrice|3|1|160000.0|160000.0|160000.0|160000.0||2|66.67|||0|0.0|0|0.0|1|33.33|2|66.67|1|160000.0|160000.0|0.0|160000.0|160000.0|0.0|0.0|-3.0
768|SalePrice|4|1|138000.0|138000.0|138000.0|138000.0||3|75.0|||0|0.0|0|0.0|1|25.0|3|75.0|1|138000.0|138000.0|0.0|138000.0|138000.0|0.0|0.0|-3.0
769|SalePrice|1|1|213000.0|213000.0|213000.0|213000.0|213000.0|1|100.0|||0|0.0|0|0.0|1|100.0|0|0.0|1|213000.0|213000.0|0.0|213000.0|213000.0|0.0|0.0|-3.0
770|SalePrice|1|0|0.0|||||1|100.0|||0|0.0|0|0.0|0|0.0|1|100.0|0|||||||0.0|0.0
772|SalePrice|3|1|178000.0|178000.0|178000.0|178000.0||2|66.67|||0|0.0|0|0.0|1|33.33|2|66.67|1|178000.0|178000.0|0.0|178000.0|178000.0|0.0|0.0|-3.0
775|SalePrice|1|0|0.0|||||1|100.0|||0|0.0|0|0.0|0|0.0|1|100.0|0|||||||0.0|0.0
776|SalePrice|1|1|189000.0|189000.0|189000.0|189000.0|189000.0|1|100.0|||0|0.0|0|0.0|1|100.0|0|0.0|1|189000.0|189000.0|0.0|189000.0|189000.0|0.0|0.0|-3.0
778|SalePrice|2|1|165150.0|165150.0|165150.0|165150.0||1|50.0|||0|0.0|0|0.0|1|50.0|1|50.0|1|165150.0|165150.0|0.0|165150.0|165150.0|0.0|0.0|-3.0
779|SalePrice|2|1|174000.0|174000.0|174000.0|174000.0||1|50.0|||0|0.0|0|0.0|1|50.0|1|50.0|1|174000.0|174000.0|0.0|174000.0|174000.0|0.0|0.0|-3.0
780|SalePrice|9|5|997900.0|199580.0|190603.03|197500.0||4|44.44|4779857000.0|69136.51|0|0.0|0|0.0|5|55.56|4|44.44|5|135900.0|305000.0|169100.0|140000.0|219500.0|79500.0|0.6|-0.91
782|SalePrice|1|0|0.0|||||1|100.0|||0|0.0|0|0.0|0|0.0|1|100.0|0|||||||0.0|0.0
783|SalePrice|3|2|396200.0|198100.0|197360.58|198100.0||1|33.33|584820000.0|24183.05|0|0.0|0|0.0|2|66.67|1|33.33|2|181000.0|215200.0|34200.0|189550.0|206650.0|17100.0|0.0|-2.0
784|SalePrice|4|1|190000.0|190000.0|190000.0|190000.0||3|75.0|||0|0.0|0|0.0|1|25.0|3|75.0|1|190000.0|190000.0|0.0|190000.0|190000.0|0.0|0.0|-3.0
785|SalePrice|2|2|379000.0|189500.0|189150.73|189500.0|201000.0|1|50.0|264500000.0|16263.46|0|0.0|0|0.0|2|100.0|0|0.0|2|178000.0|201000.0|23000.0|183750.0|195250.0|11500.0|0.0|-2.0
786|SalePrice|1|0|0.0|||||1|100.0|||0|0.0|0|0.0|0|0.0|1|100.0|0|||||||0.0|0.0
787|SalePrice|1|1|175000.0|175000.0|175000.0|175000.0|175000.0|1|100.0|||0|0.0|0|0.0|1|100.0|0|0.0|1|175000.0|175000.0|0.0|175000.0|175000.0|0.0|0.0|-3.0
788|SalePrice|2|1|155000.0|155000.0|155000.0|155000.0||1|50.0|||0|0.0|0|0.0|1|50.0|1|50.0|1|155000.0|155000.0|0.0|155000.0|155000.0|0.0|0.0|-3.0
790|SalePrice|3|2|374000.0|187000.0|186989.3|187000.0||1|33.33|8000000.0|2828.43|0|0.0|0|0.0|2|66.67|1|33.33|2|185000.0|189000.0|4000.0|186000.0|188000.0|2000.0|0.0|-2.0
792|SalePrice|1|0|0.0|||||1|100.0|||0|0.0|0|0.0|0|0.0|1|100.0|0|||||||0.0|0.0
793|SalePrice|4|3|552800.0|184266.67|184015.7|179000.0|175900.0|1|25.0|141803333.33|11908.12|0|0.0|0|0.0|3|75.0|1|25.0|3|175900.0|197900.0|22000.0|177450.0|188450.0|11000.0|0.65|-1.5
794|SalePrice|1|0|0.0|||||1|100.0|||0|0.0|0|0.0|0|0.0|1|100.0|0|||||||0.0|0.0
795|SalePrice|4|3|560500.0|186833.33|179302.16|207000.0|118500.0|1|25.0|3698083333.33|60811.87|0|0.0|0|0.0|3|75.0|1|25.0|3|118500.0|235000.0|116500.0|162750.0|221000.0|58250.0|-0.54|-1.5
796|SalePrice|1|1|156932.0|156932.0|156932.0|156932.0|156932.0|1|100.0|||0|0.0|0|0.0|1|100.0|0|0.0|1|156932.0|156932.0|0.0|156932.0|156932.0|0.0|0.0|-3.0
797|SalePrice|4|2|448780.0|224390.0|221167.85|224390.0||2|50.0|2871304200.0|53584.55|0|0.0|0|0.0|2|50.0|2|50.0|2|186500.0|262280.0|75780.0|205445.0|243335.0|37890.0|0.0|-2.0
798|SalePrice|1|1|197000.0|197000.0|197000.0|197000.0|197000.0|1|100.0|||0|0.0|0|0.0|1|100.0|0|0.0|1|197000.0|197000.0|0.0|197000.0|197000.0|0.0|0.0|-3.0
800|SalePrice|5|2|377000.0|188500.0|187776.46|188500.0||3|60.0|544500000.0|23334.52|0|0.0|0|0.0|2|40.0|3|60.0|2|172000.0|205000.0|33000.0|180250.0|196750.0|16500.0|0.0|-2.0
804|SalePrice|6|4|787100.0|196775.0|194950.1|193750.0||2|33.33|968002500.0|31112.74|0|0.0|0|0.0|4|66.67|2|33.33|4|165600.0|234000.0|68400.0|174525.0|216000.0|41475.0|0.21|-1.56
806|SalePrice|2|2|357000.0|178500.0|171207.48|178500.0|128000.0|1|50.0|5100500000.0|71417.78|0|0.0|0|0.0|2|100.0|0|0.0|2|128000.0|229000.0|101000.0|153250.0|203750.0|50500.0|0.0|-2.0
807|SalePrice|3|3|607000.0|202333.33|201514.8|191000.0|187500.0|1|33.33|516583333.33|22728.47|0|0.0|0|0.0|3|100.0|0|0.0|3|187500.0|228500.0|41000.0|189250.0|209750.0|20500.0|0.69|-1.5
808|SalePrice|2|2|330000.0|165000.0|163095.06|165000.0|190000.0|1|50.0|1250000000.0|35355.34|0|0.0|0|0.0|2|100.0|0|0.0|2|140000.0|190000.0|50000.0|152500.0|177500.0|25000.0|0.0|-2.0
809|SalePrice|3|2|372500.0|186250.0|186067.19|186250.0|194500.0|1|33.33|136125000.0|11667.26|0|0.0|0|0.0|2|66.67|1|33.33|2|178000.0|194500.0|16500.0|182125.0|190375.0|8250.0|0.0|-2.0
810|SalePrice|1|0|0.0|||||1|100.0|||0|0.0|0|0.0|0|0.0|1|100.0|0|||||||0.0|0.0
811|SalePrice|1|1|188700.0|188700.0|188700.0|188700.0|188700.0|1|100.0|||0|0.0|0|0.0|1|100.0|0|0.0|1|188700.0|188700.0|0.0|188700.0|188700.0|0.0|0.0|-3.0
812|SalePrice|2|1|185900.0|185900.0|185900.0|185900.0||1|50.0|||0|0.0|0|0.0|1|50.0|1|50.0|1|185900.0|185900.0|0.0|185900.0|185900.0|0.0|0.0|-3.0
813|SalePrice|3|2|307900.0|153950.0|153316.67|153950.0|167900.0|1|33.33|389205000.0|19728.28|0|0.0|0|0.0|2|66.67|1|33.33|2|140000.0|167900.0|27900.0|146975.0|160925.0|13950.0|0.0|-2.0
814|SalePrice|1|0|0.0|||||1|100.0|||0|0.0|0|0.0|0|0.0|1|100.0|0|||||||0.0|0.0
815|SalePrice|1|0|0.0|||||1|100.0|||0|0.0|0|0.0|0|0.0|1|100.0|0|||||||0.0|0.0
816|SalePrice|2|0|0.0|||||2|100.0|||0|0.0|0|0.0|0|0.0|2|100.0|0|||||||0.0|0.0
817|SalePrice|1|1|311500.0|311500.0|311500.0|311500.0|311500.0|1|100.0|||0|0.0|0|0.0|1|100.0|0|0.0|1|311500.0|311500.0|0.0|311500.0|311500.0|0.0|0.0|-3.0
818|SalePrice|1|0|0.0|||||1|100.0|||0|0.0|0|0.0|0|0.0|1|100.0|0|||||||0.0|0.0
821|SalePrice|1|0|0.0|||||1|100.0|||0|0.0|0|0.0|0|0.0|1|100.0|0|||||||0.0|0.0
823|SalePrice|1|0|0.0|||||1|100.0|||0|0.0|0|0.0|0|0.0|1|100.0|0|||||||0.0|0.0
825|SalePrice|2|0|0.0|||||2|100.0|||0|0.0|0|0.0|0|0.0|2|100.0|0|||||||0.0|0.0
826|SalePrice|1|1|168000.0|168000.0|168000.0|168000.0|168000.0|1|100.0|||0|0.0|0|0.0|1|100.0|0|0.0|1|168000.0|168000.0|0.0|168000.0|168000.0|0.0|0.0|-3.0
827|SalePrice|1|0|0.0|||||1|100.0|||0|0.0|0|0.0|0|0.0|1|100.0|0|||||||0.0|0.0
828|SalePrice|4|1|180000.0|180000.0|180000.0|180000.0||3|75.0|||0|0.0|0|0.0|1|25.0|3|75.0|1|180000.0|180000.0|0.0|180000.0|180000.0|0.0|0.0|-3.0
829|SalePrice|2|2|426500.0|213250.0|212467.64|213250.0|195000.0|1|50.0|666125000.0|25809.4|0|0.0|0|0.0|2|100.0|0|0.0|2|195000.0|231500.0|36500.0|204125.0|222375.0|18250.0|0.0|-2.0
830|SalePrice|2|1|186500.0|186500.0|186500.0|186500.0||1|50.0|||0|0.0|0|0.0|1|50.0|1|50.0|1|186500.0|186500.0|0.0|186500.0|186500.0|0.0|0.0|-3.0
831|SalePrice|1|1|187000.0|187000.0|187000.0|187000.0|187000.0|1|100.0|||0|0.0|0|0.0|1|100.0|0|0.0|1|187000.0|187000.0|0.0|187000.0|187000.0|0.0|0.0|-3.0
832|SalePrice|3|3|515565.0|171855.0|171715.79|173000.0|162900.0|1|33.33|71249575.0|8440.95|0|0.0|0|0.0|3|100.0|0|0.0|3|162900.0|179665.0|16765.0|167950.0|176332.5|8382.5|-0.24|-1.5
833|SalePrice|2|2|346000.0|173000.0|172583.31|173000.0|161000.0|1|50.0|288000000.0|16970.56|0|0.0|0|0.0|2|100.0|0|0.0|2|161000.0|185000.0|24000.0|167000.0|179000.0|12000.0|0.0|-2.0
834|SalePrice|1|1|212000.0|212000.0|212000.0|212000.0|212000.0|1|100.0|||0|0.0|0|0.0|1|100.0|0|0.0|1|212000.0|212000.0|0.0|212000.0|212000.0|0.0|0.0|-3.0
836|SalePrice|1|1|231500.0|231500.0|231500.0|231500.0|231500.0|1|100.0|||0|0.0|0|0.0|1|100.0|0|0.0|1|231500.0|231500.0|0.0|231500.0|231500.0|0.0|0.0|-3.0
838|SalePrice|2|1|280000.0|280000.0|280000.0|280000.0||1|50.0|||0|0.0|0|0.0|1|50.0|1|50.0|1|280000.0|280000.0|0.0|280000.0|280000.0|0.0|0.0|-3.0
839|SalePrice|1|0|0.0|||||1|100.0|||0|0.0|0|0.0|0|0.0|1|100.0|0|||||||0.0|0.0
840|SalePrice|7|5|905730.0|181146.0|178731.78|177000.0||2|28.57|1154279080.0|33974.68|0|0.0|0|0.0|5|71.43|2|28.57|5|151000.0|233230.0|82230.0|152000.0|192500.0|40500.0|0.65|-0.91
841|SalePrice|1|0|0.0|||||1|100.0|||0|0.0|0|0.0|0|0.0|1|100.0|0|||||||0.0|0.0
842|SalePrice|2|2|356000.0|178000.0|177929.76|178000.0|183000.0|1|50.0|50000000.0|7071.07|0|0.0|0|0.0|2|100.0|0|0.0|2|173000.0|183000.0|10000.0|175500.0|180500.0|5000.0|0.0|-2.0
843|SalePrice|1|1|205950.0|205950.0|205950.0|205950.0|205950.0|1|100.0|||0|0.0|0|0.0|1|100.0|0|0.0|1|205950.0|205950.0|0.0|205950.0|205950.0|0.0|0.0|-3.0
844|SalePrice|3|2|454000.0|227000.0|223624.69|227000.0||1|33.33|3042000000.0|55154.33|0|0.0|0|0.0|2|66.67|1|33.33|2|188000.0|266000.0|78000.0|207500.0|246500.0|39000.0|0.0|-2.0
845|SalePrice|2|0|0.0|||||2|100.0|||0|0.0|0|0.0|0|0.0|2|100.0|0|||||||0.0|0.0
846|SalePrice|3|3|714500.0|238166.67|236771.36|224500.0|224500.0|1|33.33|1040083333.33|32250.32|0|0.0|0|0.0|3|100.0|0|0.0|3|215000.0|275000.0|60000.0|219750.0|249750.0|30000.0|0.64|-1.5
848|SalePrice|4|1|230000.0|230000.0|230000.0|230000.0||3|75.0|||0|0.0|0|0.0|1|25.0|3|75.0|1|230000.0|230000.0|0.0|230000.0|230000.0|0.0|0.0|-3.0
850|SalePrice|4|2|446000.0|223000.0|215325.34|223000.0||2|50.0|6728000000.0|82024.39|0|0.0|0|0.0|2|50.0|2|50.0|2|165000.0|281000.0|116000.0|194000.0|252000.0|58000.0|0.0|-2.0
851|SalePrice|2|0|0.0|||||2|100.0|||0|0.0|0|0.0|0|0.0|2|100.0|0|||||||0.0|0.0
854|SalePrice|1|1|208500.0|208500.0|208500.0|208500.0|208500.0|1|100.0|||0|0.0|0|0.0|1|100.0|0|0.0|1|208500.0|208500.0|0.0|208500.0|208500.0|0.0|0.0|-3.0
855|SalePrice|2|1|227000.0|227000.0|227000.0|227000.0||1|50.0|||0|0.0|0|0.0|1|50.0|1|50.0|1|227000.0|227000.0|0.0|227000.0|227000.0|0.0|0.0|-3.0
857|SalePrice|2|1|215000.0|215000.0|215000.0|215000.0||1|50.0|||0|0.0|0|0.0|1|50.0|1|50.0|1|215000.0|215000.0|0.0|215000.0|215000.0|0.0|0.0|-3.0
858|SalePrice|5|3|637500.0|212500.0|209815.79|213500.0||2|40.0|1681750000.0|41009.15|0|0.0|0|0.0|3|60.0|2|40.0|3|171000.0|253000.0|82000.0|192250.0|233250.0|41000.0|-0.04|-1.5
860|SalePrice|4|2|412500.0|206250.0|206019.42|206250.0||2|50.0|190125000.0|13788.58|0|0.0|0|0.0|2|50.0|2|50.0|2|196500.0|216000.0|19500.0|201375.0|211125.0|9750.0|0.0|-2.0
861|SalePrice|1|0|0.0|||||1|100.0|||0|0.0|0|0.0|0|0.0|1|100.0|0|||||||0.0|0.0
862|SalePrice|8|5|828500.0|165700.0|164599.04|173000.0||3|37.5|439700000.0|20969.02|0|0.0|0|0.0|5|62.5|3|37.5|5|136000.0|190000.0|54000.0|154000.0|175500.0|21500.0|-0.37|-1.13
863|SalePrice|2|0|0.0|||||2|100.0|||0|0.0|0|0.0|0|0.0|2|100.0|0|||||||0.0|0.0
864|SalePrice|4|2|397500.0|198750.0|198557.3|198750.0||2|50.0|153125000.0|12374.37|0|0.0|0|0.0|2|50.0|2|50.0|2|190000.0|207500.0|17500.0|194375.0|203125.0|8750.0|0.0|-2.0
866|SalePrice|3|3|620500.0|206833.33|206432.25|205000.0|205000.0|1|33.33|250583333.33|15829.82|0|0.0|0|0.0|3|100.0|0|0.0|3|192000.0|223500.0|31500.0|198500.0|214250.0|15750.0|0.21|-1.5
867|SalePrice|1|0|0.0|||||1|100.0|||0|0.0|0|0.0|0|0.0|1|100.0|0|||||||0.0|0.0
868|SalePrice|2|1|204000.0|204000.0|204000.0|204000.0||1|50.0|||0|0.0|0|0.0|1|50.0|1|50.0|1|204000.0|204000.0|0.0|204000.0|204000.0|0.0|0.0|-3.0
869|SalePrice|2|0|0.0|||||2|100.0|||0|0.0|0|0.0|0|0.0|2|100.0|0|||||||0.0|0.0
870|SalePrice|2|1|240000.0|240000.0|240000.0|240000.0||1|50.0|||0|0.0|0|0.0|1|50.0|1|50.0|1|240000.0|240000.0|0.0|240000.0|240000.0|0.0|0.0|-3.0
871|SalePrice|4|3|770000.0|256666.67|256490.92|252000.0||1|25.0|137333333.33|11718.93|0|0.0|0|0.0|3|75.0|1|25.0|3|248000.0|270000.0|22000.0|250000.0|261000.0|11000.0|0.62|-1.5
872|SalePrice|2|2|461000.0|230500.0|230456.07|230500.0|235000.0|1|50.0|40500000.0|6363.96|0|0.0|0|0.0|2|100.0|0|0.0|2|226000.0|235000.0|9000.0|228250.0|232750.0|4500.0|0.0|-2.0
873|SalePrice|2|1|235000.0|235000.0|235000.0|235000.0||1|50.0|||0|0.0|0|0.0|1|50.0|1|50.0|1|235000.0|235000.0|0.0|235000.0|235000.0|0.0|0.0|-3.0
874|SalePrice|1|1|240000.0|240000.0|240000.0|240000.0|240000.0|1|100.0|||0|0.0|0|0.0|1|100.0|0|0.0|1|240000.0|240000.0|0.0|240000.0|240000.0|0.0|0.0|-3.0
875|SalePrice|2|1|144000.0|144000.0|144000.0|144000.0||1|50.0|||0|0.0|0|0.0|1|50.0|1|50.0|1|144000.0|144000.0|0.0|144000.0|144000.0|0.0|0.0|-3.0
876|SalePrice|2|2|730581.0|365290.5|311199.44|365290.5|556581.0|1|50.0|73184110780.5|270525.62|0|0.0|0|0.0|2|100.0|0|0.0|2|174000.0|556581.0|382581.0|269645.25|460935.75|191290.5|0.0|-2.0
878|SalePrice|6|4|849500.0|212375.0|211420.88|211500.0||2|33.33|541062500.0|23260.75|0|0.0|0|0.0|4|66.67|2|33.33|4|187000.0|239500.0|52500.0|197125.0|226750.0|29625.0|0.09|-1.5
880|SalePrice|5|3|796654.0|265551.33|241691.33|183500.0||2|40.0|22099668905.33|148659.57|0|0.0|0|0.0|3|60.0|2|40.0|3|176000.0|437154.0|261154.0|179750.0|310327.0|130577.0|0.71|-1.5
881|SalePrice|2|1|204750.0|204750.0|204750.0|204750.0||1|50.0|||0|0.0|0|0.0|1|50.0|1|50.0|1|204750.0|204750.0|0.0|204750.0|204750.0|0.0|0.0|-3.0
882|SalePrice|1|1|277000.0|277000.0|277000.0|277000.0|277000.0|1|100.0|||0|0.0|0|0.0|1|100.0|0|0.0|1|277000.0|277000.0|0.0|277000.0|277000.0|0.0|0.0|-3.0
883|SalePrice|1|1|167500.0|167500.0|167500.0|167500.0|167500.0|1|100.0|||0|0.0|0|0.0|1|100.0|0|0.0|1|167500.0|167500.0|0.0|167500.0|167500.0|0.0|0.0|-3.0
884|SalePrice|5|2|484400.0|242200.0|241581.35|242200.0||3|60.0|598580000.0|24465.89|0|0.0|0|0.0|2|40.0|3|60.0|2|224900.0|259500.0|34600.0|233550.0|250850.0|17300.0|0.0|-2.0
885|SalePrice|4|2|416500.0|208250.0|207263.12|208250.0||2|50.0|820125000.0|28637.82|0|0.0|0|0.0|2|50.0|2|50.0|2|188000.0|228500.0|40500.0|198125.0|218375.0|20250.0|0.0|-2.0
886|SalePrice|10|3|834790.0|278263.33|274302.08|269790.0||7|70.0|3360098033.33|57966.35|0|0.0|0|0.0|3|30.0|7|70.0|3|225000.0|340000.0|115000.0|247395.0|304895.0|57500.0|0.26|-1.5
887|SalePrice|3|2|463875.0|231937.5|231901.92|231937.5||1|33.33|33007812.5|5745.24|0|0.0|0|0.0|2|66.67|1|33.33|2|227875.0|236000.0|8125.0|229906.25|233968.75|4062.5|0.0|-2.0
888|SalePrice|3|3|605000.0|201666.67|199325.69|205000.0|237000.0|1|33.33|1377333333.33|37112.44|0|0.0|0|0.0|3|100.0|0|0.0|3|163000.0|237000.0|74000.0|184000.0|221000.0|37000.0|-0.16|-1.5
890|SalePrice|2|0|0.0|||||2|100.0|||0|0.0|0|0.0|0|0.0|2|100.0|0|||||||0.0|0.0
892|SalePrice|2|1|138887.0|138887.0|138887.0|138887.0||1|50.0|||0|0.0|0|0.0|1|50.0|1|50.0|1|138887.0|138887.0|0.0|138887.0|138887.0|0.0|0.0|-3.0
893|SalePrice|2|0|0.0|||||2|100.0|||0|0.0|0|0.0|0|0.0|2|100.0|0|||||||0.0|0.0
895|SalePrice|2|1|220000.0|220000.0|220000.0|220000.0||1|50.0|||0|0.0|0|0.0|1|50.0|1|50.0|1|220000.0|220000.0|0.0|220000.0|220000.0|0.0|0.0|-3.0
896|SalePrice|11|6|1157400.0|192900.0|189744.91|200500.0||5|45.45|1347340000.0|36706.13|0|0.0|0|0.0|6|54.55|5|45.45|6|136000.0|230000.0|94000.0|171550.0|221500.0|49950.0|-0.51|-1.13
897|SalePrice|2|0|0.0|||||2|100.0|||0|0.0|0|0.0|0|0.0|2|100.0|0|||||||0.0|0.0
898|SalePrice|2|1|255000.0|255000.0|255000.0|255000.0||1|50.0|||0|0.0|0|0.0|1|50.0|1|50.0|1|255000.0|255000.0|0.0|255000.0|255000.0|0.0|0.0|-3.0
899|SalePrice|1|0|0.0|||||1|100.0|||0|0.0|0|0.0|0|0.0|1|100.0|0|||||||0.0|0.0
900|SalePrice|4|2|447400.0|223700.0|223112.64|223700.0||2|50.0|524880000.0|22910.26|0|0.0|0|0.0|2|50.0|2|50.0|2|207500.0|239900.0|32400.0|215600.0|231800.0|16200.0|0.0|-2.0
901|SalePrice|1|1|200100.0|200100.0|200100.0|200100.0|200100.0|1|100.0|||0|0.0|0|0.0|1|100.0|0|0.0|1|200100.0|200100.0|0.0|200100.0|200100.0|0.0|0.0|-3.0
902|SalePrice|2|2|438700.0|219350.0|219226.82|219350.0|212000.0|1|50.0|108045000.0|10394.47|0|0.0|0|0.0|2|100.0|0|0.0|2|212000.0|226700.0|14700.0|215675.0|223025.0|7350.0|0.0|-2.0
903|SalePrice|1|1|237000.0|237000.0|237000.0|237000.0|237000.0|1|100.0|||0|0.0|0|0.0|1|100.0|0|0.0|1|237000.0|237000.0|0.0|237000.0|237000.0|0.0|0.0|-3.0
904|SalePrice|1|1|271000.0|271000.0|271000.0|271000.0|271000.0|1|100.0|||0|0.0|0|0.0|1|100.0|0|0.0|1|271000.0|271000.0|0.0|271000.0|271000.0|0.0|0.0|-3.0
908|SalePrice|4|1|193000.0|193000.0|193000.0|193000.0||3|75.0|||0|0.0|0|0.0|1|25.0|3|75.0|1|193000.0|193000.0|0.0|193000.0|193000.0|0.0|0.0|-3.0
910|SalePrice|2|1|155000.0|155000.0|155000.0|155000.0||1|50.0|||0|0.0|0|0.0|1|50.0|1|50.0|1|155000.0|155000.0|0.0|155000.0|155000.0|0.0|0.0|-3.0
912|SalePrice|3|2|334000.0|167000.0|164635.96|167000.0||1|33.33|1568000000.0|39597.98|0|0.0|0|0.0|2|66.67|1|33.33|2|139000.0|195000.0|56000.0|153000.0|181000.0|28000.0|0.0|-2.0
913|SalePrice|1|1|197900.0|197900.0|197900.0|197900.0|197900.0|1|100.0|||0|0.0|0|0.0|1|100.0|0|0.0|1|197900.0|197900.0|0.0|197900.0|197900.0|0.0|0.0|-3.0
914|SalePrice|1|1|211000.0|211000.0|211000.0|211000.0|211000.0|1|100.0|||0|0.0|0|0.0|1|100.0|0|0.0|1|211000.0|211000.0|0.0|211000.0|211000.0|0.0|0.0|-3.0
915|SalePrice|4|3|421900.0|140633.33|133057.11|129000.0||1|25.0|3288103333.33|57341.99|0|0.0|0|0.0|3|75.0|1|25.0|3|90000.0|202900.0|112900.0|109500.0|165950.0|56450.0|0.36|-1.5
916|SalePrice|1|0|0.0|||||1|100.0|||0|0.0|0|0.0|0|0.0|1|100.0|0|||||||0.0|0.0
917|SalePrice|3|0|0.0|||||3|100.0|||0|0.0|0|0.0|0|0.0|3|100.0|0|||||||0.0|0.0
918|SalePrice|3|1|201800.0|201800.0|201800.0|201800.0||2|66.67|||0|0.0|0|0.0|1|33.33|2|66.67|1|201800.0|201800.0|0.0|201800.0|201800.0|0.0|0.0|-3.0
919|SalePrice|1|0|0.0|||||1|100.0|||0|0.0|0|0.0|0|0.0|1|100.0|0|||||||0.0|0.0
920|SalePrice|1|1|252678.0|252678.0|252678.0|252678.0|252678.0|1|100.0|||0|0.0|0|0.0|1|100.0|0|0.0|1|252678.0|252678.0|0.0|252678.0|252678.0|0.0|0.0|-3.0
923|SalePrice|1|0|0.0|||||1|100.0|||0|0.0|0|0.0|0|0.0|1|100.0|0|||||||0.0|0.0
924|SalePrice|2|1|129500.0|129500.0|129500.0|129500.0||1|50.0|||0|0.0|0|0.0|1|50.0|1|50.0|1|129500.0|129500.0|0.0|129500.0|129500.0|0.0|0.0|-3.0
925|SalePrice|2|1|122000.0|122000.0|122000.0|122000.0||1|50.0|||0|0.0|0|0.0|1|50.0|1|50.0|1|122000.0|122000.0|0.0|122000.0|122000.0|0.0|0.0|-3.0
926|SalePrice|1|0|0.0|||||1|100.0|||0|0.0|0|0.0|0|0.0|1|100.0|0|||||||0.0|0.0
927|SalePrice|1|0|0.0|||||1|100.0|||0|0.0|0|0.0|0|0.0|1|100.0|0|||||||0.0|0.0
928|SalePrice|2|1|145900.0|145900.0|145900.0|145900.0||1|50.0|||0|0.0|0|0.0|1|50.0|1|50.0|1|145900.0|145900.0|0.0|145900.0|145900.0|0.0|0.0|-3.0
929|SalePrice|2|1|104000.0|104000.0|104000.0|104000.0||1|50.0|||0|0.0|0|0.0|1|50.0|1|50.0|1|104000.0|104000.0|0.0|104000.0|104000.0|0.0|0.0|-3.0
930|SalePrice|1|1|199900.0|199900.0|199900.0|199900.0|199900.0|1|100.0|||0|0.0|0|0.0|1|100.0|0|0.0|1|199900.0|199900.0|0.0|199900.0|199900.0|0.0|0.0|-3.0
932|SalePrice|1|1|250000.0|250000.0|250000.0|250000.0|250000.0|1|100.0|||0|0.0|0|0.0|1|100.0|0|0.0|1|250000.0|250000.0|0.0|250000.0|250000.0|0.0|0.0|-3.0
933|SalePrice|1|1|185000.0|185000.0|185000.0|185000.0|185000.0|1|100.0|||0|0.0|0|0.0|1|100.0|0|0.0|1|185000.0|185000.0|0.0|185000.0|185000.0|0.0|0.0|-3.0
936|SalePrice|2|1|169500.0|169500.0|169500.0|169500.0||1|50.0|||0|0.0|0|0.0|1|50.0|1|50.0|1|169500.0|169500.0|0.0|169500.0|169500.0|0.0|0.0|-3.0
939|SalePrice|1|1|250000.0|250000.0|250000.0|250000.0|250000.0|1|100.0|||0|0.0|0|0.0|1|100.0|0|0.0|1|250000.0|250000.0|0.0|250000.0|250000.0|0.0|0.0|-3.0
940|SalePrice|2|1|130000.0|130000.0|130000.0|130000.0||1|50.0|||0|0.0|0|0.0|1|50.0|1|50.0|1|130000.0|130000.0|0.0|130000.0|130000.0|0.0|0.0|-3.0
941|SalePrice|3|2|426000.0|213000.0|212602.92|213000.0||1|33.33|338000000.0|18384.78|0|0.0|0|0.0|2|66.67|1|33.33|2|200000.0|226000.0|26000.0|206500.0|219500.0|13000.0|0.0|-2.0
942|SalePrice|2|0|0.0|||||2|100.0|||0|0.0|0|0.0|0|0.0|2|100.0|0|||||||0.0|0.0
943|SalePrice|1|0|0.0|||||1|100.0|||0|0.0|0|0.0|0|0.0|1|100.0|0|||||||0.0|0.0
950|SalePrice|1|1|160000.0|160000.0|160000.0|160000.0|160000.0|1|100.0|||0|0.0|0|0.0|1|100.0|0|0.0|1|160000.0|160000.0|0.0|160000.0|160000.0|0.0|0.0|-3.0
954|SalePrice|1|1|328000.0|328000.0|328000.0|328000.0|328000.0|1|100.0|||0|0.0|0|0.0|1|100.0|0|0.0|1|328000.0|328000.0|0.0|328000.0|328000.0|0.0|0.0|-3.0
955|SalePrice|1|0|0.0|||||1|100.0|||0|0.0|0|0.0|0|0.0|1|100.0|0|||||||0.0|0.0
956|SalePrice|1|1|254900.0|254900.0|254900.0|254900.0|254900.0|1|100.0|||0|0.0|0|0.0|1|100.0|0|0.0|1|254900.0|254900.0|0.0|254900.0|254900.0|0.0|0.0|-3.0
957|SalePrice|1|0|0.0|||||1|100.0|||0|0.0|0|0.0|0|0.0|1|100.0|0|||||||0.0|0.0
959|SalePrice|1|0|0.0|||||1|100.0|||0|0.0|0|0.0|0|0.0|1|100.0|0|||||||0.0|0.0
960|SalePrice|2|1|193500.0|193500.0|193500.0|193500.0||1|50.0|||0|0.0|0|0.0|1|50.0|1|50.0|1|193500.0|193500.0|0.0|193500.0|193500.0|0.0|0.0|-3.0
966|SalePrice|1|1|185000.0|185000.0|185000.0|185000.0|185000.0|1|100.0|||0|0.0|0|0.0|1|100.0|0|0.0|1|185000.0|185000.0|0.0|185000.0|185000.0|0.0|0.0|-3.0
967|SalePrice|1|0|0.0|||||1|100.0|||0|0.0|0|0.0|0|0.0|1|100.0|0|||||||0.0|0.0
971|SalePrice|1|1|200500.0|200500.0|200500.0|200500.0|200500.0|1|100.0|||0|0.0|0|0.0|1|100.0|0|0.0|1|200500.0|200500.0|0.0|200500.0|200500.0|0.0|0.0|-3.0
972|SalePrice|2|0|0.0|||||2|100.0|||0|0.0|0|0.0|0|0.0|2|100.0|0|||||||0.0|0.0
973|SalePrice|1|0|0.0|||||1|100.0|||0|0.0|0|0.0|0|0.0|1|100.0|0|||||||0.0|0.0
975|SalePrice|2|2|449000.0|224500.0|224031.25|224500.0|210000.0|1|50.0|420500000.0|20506.1|0|0.0|0|0.0|2|100.0|0|0.0|2|210000.0|239000.0|29000.0|217250.0|231750.0|14500.0|0.0|-2.0
976|SalePrice|2|0|0.0|||||2|100.0|||0|0.0|0|0.0|0|0.0|2|100.0|0|||||||0.0|0.0
977|SalePrice|1|1|219500.0|219500.0|219500.0|219500.0|219500.0|1|100.0|||0|0.0|0|0.0|1|100.0|0|0.0|1|219500.0|219500.0|0.0|219500.0|219500.0|0.0|0.0|-3.0
978|SalePrice|3|2|384500.0|192250.0|189439.96|192250.0||1|33.33|2145125000.0|46315.49|0|0.0|0|0.0|2|66.67|1|33.33|2|159500.0|225000.0|65500.0|175875.0|208625.0|32750.0|0.0|-2.0
979|SalePrice|1|1|145000.0|145000.0|145000.0|145000.0|145000.0|1|100.0|||0|0.0|0|0.0|1|100.0|0|0.0|1|145000.0|145000.0|0.0|145000.0|145000.0|0.0|0.0|-3.0
980|SalePrice|1|1|160000.0|160000.0|160000.0|160000.0|160000.0|1|100.0|||0|0.0|0|0.0|1|100.0|0|0.0|1|160000.0|160000.0|0.0|160000.0|160000.0|0.0|0.0|-3.0
981|SalePrice|1|1|310000.0|310000.0|310000.0|310000.0|310000.0|1|100.0|||0|0.0|0|0.0|1|100.0|0|0.0|1|310000.0|310000.0|0.0|310000.0|310000.0|0.0|0.0|-3.0
983|SalePrice|2|2|425000.0|212500.0|212132.03|212500.0|225000.0|1|50.0|312500000.0|17677.67|0|0.0|0|0.0|2|100.0|0|0.0|2|200000.0|225000.0|25000.0|206250.0|218750.0|12500.0|0.0|-2.0
984|SalePrice|3|1|219210.0|219210.0|219210.0|219210.0||2|66.67|||0|0.0|0|0.0|1|33.33|2|66.67|1|219210.0|219210.0|0.0|219210.0|219210.0|0.0|0.0|-3.0
985|SalePrice|1|1|348000.0|348000.0|348000.0|348000.0|348000.0|1|100.0|||0|0.0|0|0.0|1|100.0|0|0.0|1|348000.0|348000.0|0.0|348000.0|348000.0|0.0|0.0|-3.0
988|SalePrice|2|1|220000.0|220000.0|220000.0|220000.0||1|50.0|||0|0.0|0|0.0|1|50.0|1|50.0|1|220000.0|220000.0|0.0|220000.0|220000.0|0.0|0.0|-3.0
989|SalePrice|1|1|274300.0|274300.0|274300.0|274300.0|274300.0|1|100.0|||0|0.0|0|0.0|1|100.0|0|0.0|1|274300.0|274300.0|0.0|274300.0|274300.0|0.0|0.0|-3.0
990|SalePrice|1|0|0.0|||||1|100.0|||0|0.0|0|0.0|0|0.0|1|100.0|0|||||||0.0|0.0
992|SalePrice|1|1|137000.0|137000.0|137000.0|137000.0|137000.0|1|100.0|||0|0.0|0|0.0|1|100.0|0|0.0|1|137000.0|137000.0|0.0|137000.0|137000.0|0.0|0.0|-3.0
994|SalePrice|1|1|107500.0|107500.0|107500.0|107500.0|107500.0|1|100.0|||0|0.0|0|0.0|1|100.0|0|0.0|1|107500.0|107500.0|0.0|107500.0|107500.0|0.0|0.0|-3.0
995|SalePrice|1|0|0.0|||||1|100.0|||0|0.0|0|0.0|0|0.0|1|100.0|0|||||||0.0|0.0
998|SalePrice|1|1|197000.0|197000.0|197000.0|197000.0|197000.0|1|100.0|||0|0.0|0|0.0|1|100.0|0|0.0|1|197000.0|197000.0|0.0|197000.0|197000.0|0.0|0.0|-3.0
1000|SalePrice|1|1|124500.0|124500.0|124500.0|124500.0|124500.0|1|100.0|||0|0.0|0|0.0|1|100.0|0|0.0|1|124500.0|124500.0|0.0|124500.0|124500.0|0.0|0.0|-3.0
1001|SalePrice|1|1|145000.0|145000.0|145000.0|145000.0|145000.0|1|100.0|||0|0.0|0|0.0|1|100.0|0|0.0|1|145000.0|145000.0|0.0|145000.0|145000.0|0.0|0.0|-3.0
1004|SalePrice|1|0|0.0|||||1|100.0|||0|0.0|0|0.0|0|0.0|1|100.0|0|||||||0.0|0.0
1005|SalePrice|1|0|0.0|||||1|100.0|||0|0.0|0|0.0|0|0.0|1|100.0|0|||||||0.0|0.0
1007|SalePrice|1|0|0.0|||||1|100.0|||0|0.0|0|0.0|0|0.0|1|100.0|0|||||||0.0|0.0
1008|SalePrice|1|0|0.0|||||1|100.0|||0|0.0|0|0.0|0|0.0|1|100.0|0|||||||0.0|0.0
1012|SalePrice|3|0|0.0|||||3|100.0|||0|0.0|0|0.0|0|0.0|3|100.0|0|||||||0.0|0.0
1015|SalePrice|1|1|315750.0|315750.0|315750.0|315750.0|315750.0|1|100.0|||0|0.0|0|0.0|1|100.0|0|0.0|1|315750.0|315750.0|0.0|315750.0|315750.0|0.0|0.0|-3.0
1017|SalePrice|3|1|228000.0|228000.0|228000.0|228000.0||2|66.67|||0|0.0|0|0.0|1|33.33|2|66.67|1|228000.0|228000.0|0.0|228000.0|228000.0|0.0|0.0|-3.0
1020|SalePrice|2|2|343900.0|171950.0|168360.62|171950.0|206900.0|1|50.0|2443005000.0|49426.76|0|0.0|0|0.0|2|100.0|0|0.0|2|137000.0|206900.0|69900.0|154475.0|189425.0|34950.0|0.0|-2.0
1028|SalePrice|1|1|339750.0|339750.0|339750.0|339750.0|339750.0|1|100.0|||0|0.0|0|0.0|1|100.0|0|0.0|1|339750.0|339750.0|0.0|339750.0|339750.0|0.0|0.0|-3.0
1029|SalePrice|1|0|0.0|||||1|100.0|||0|0.0|0|0.0|0|0.0|1|100.0|0|||||||0.0|0.0
1031|SalePrice|1|1|133900.0|133900.0|133900.0|133900.0|133900.0|1|100.0|||0|0.0|0|0.0|1|100.0|0|0.0|1|133900.0|133900.0|0.0|133900.0|133900.0|0.0|0.0|-3.0
1032|SalePrice|2|2|361500.0|180750.0|169322.18|180750.0|117500.0|1|50.0|8001125000.0|89449.01|0|0.0|0|0.0|2|100.0|0|0.0|2|117500.0|244000.0|126500.0|149125.0|212375.0|63250.0|0.0|-2.0
1036|SalePrice|1|0|0.0|||||1|100.0|||0|0.0|0|0.0|0|0.0|1|100.0|0|||||||0.0|0.0
1037|SalePrice|3|1|250000.0|250000.0|250000.0|250000.0||2|66.67|||0|0.0|0|0.0|1|33.33|2|66.67|1|250000.0|250000.0|0.0|250000.0|250000.0|0.0|0.0|-3.0
1038|SalePrice|1|1|214000.0|214000.0|214000.0|214000.0|214000.0|1|100.0|||0|0.0|0|0.0|1|100.0|0|0.0|1|214000.0|214000.0|0.0|214000.0|214000.0|0.0|0.0|-3.0
1039|SalePrice|1|1|214000.0|214000.0|214000.0|214000.0|214000.0|1|100.0|||0|0.0|0|0.0|1|100.0|0|0.0|1|214000.0|214000.0|0.0|214000.0|214000.0|0.0|0.0|-3.0
1040|SalePrice|3|2|419000.0|209500.0|195806.03|209500.0||1|33.33|11100500000.0|105358.91|0|0.0|0|0.0|2|66.67|1|33.33|2|135000.0|284000.0|149000.0|172250.0|246750.0|74500.0|0.0|-2.0
1042|SalePrice|1|0|0.0|||||1|100.0|||0|0.0|0|0.0|0|0.0|1|100.0|0|||||||0.0|0.0
1044|SalePrice|2|1|122500.0|122500.0|122500.0|122500.0||1|50.0|||0|0.0|0|0.0|1|50.0|1|50.0|1|122500.0|122500.0|0.0|122500.0|122500.0|0.0|0.0|-3.0
1045|SalePrice|1|0|0.0|||||1|100.0|||0|0.0|0|0.0|0|0.0|1|100.0|0|||||||0.0|0.0
1048|SalePrice|1|0|0.0|||||1|100.0|||0|0.0|0|0.0|0|0.0|1|100.0|0|||||||0.0|0.0
1051|SalePrice|1|1|240000.0|240000.0|240000.0|240000.0|240000.0|1|100.0|||0|0.0|0|0.0|1|100.0|0|0.0|1|240000.0|240000.0|0.0|240000.0|240000.0|0.0|0.0|-3.0
1053|SalePrice|1|1|250000.0|250000.0|250000.0|250000.0|250000.0|1|100.0|||0|0.0|0|0.0|1|100.0|0|0.0|1|250000.0|250000.0|0.0|250000.0|250000.0|0.0|0.0|-3.0
1054|SalePrice|2|1|335000.0|335000.0|335000.0|335000.0||1|50.0|||0|0.0|0|0.0|1|50.0|1|50.0|1|335000.0|335000.0|0.0|335000.0|335000.0|0.0|0.0|-3.0
1060|SalePrice|1|1|275500.0|275500.0|275500.0|275500.0|275500.0|1|100.0|||0|0.0|0|0.0|1|100.0|0|0.0|1|275500.0|275500.0|0.0|275500.0|275500.0|0.0|0.0|-3.0
1061|SalePrice|1|0|0.0|||||1|100.0|||0|0.0|0|0.0|0|0.0|1|100.0|0|||||||0.0|0.0
1063|SalePrice|1|1|106000.0|106000.0|106000.0|106000.0|106000.0|1|100.0|||0|0.0|0|0.0|1|100.0|0|0.0|1|106000.0|106000.0|0.0|106000.0|106000.0|0.0|0.0|-3.0
1066|SalePrice|1|1|240000.0|240000.0|240000.0|240000.0|240000.0|1|100.0|||0|0.0|0|0.0|1|100.0|0|0.0|1|240000.0|240000.0|0.0|240000.0|240000.0|0.0|0.0|-3.0
1067|SalePrice|1|1|265000.0|265000.0|265000.0|265000.0|265000.0|1|100.0|||0|0.0|0|0.0|1|100.0|0|0.0|1|265000.0|265000.0|0.0|265000.0|265000.0|0.0|0.0|-3.0
1070|SalePrice|2|2|534900.0|267450.0|262236.53|267450.0|214900.0|1|50.0|5523005000.0|74316.92|0|0.0|0|0.0|2|100.0|0|0.0|2|214900.0|320000.0|105100.0|241175.0|293725.0|52550.0|0.0|-2.0
1072|SalePrice|1|1|200000.0|200000.0|200000.0|200000.0|200000.0|1|100.0|||0|0.0|0|0.0|1|100.0|0|0.0|1|200000.0|200000.0|0.0|200000.0|200000.0|0.0|0.0|-3.0
1074|SalePrice|1|0|0.0|||||1|100.0|||0|0.0|0|0.0|0|0.0|1|100.0|0|||||||0.0|0.0
1075|SalePrice|1|0|0.0|||||1|100.0|||0|0.0|0|0.0|0|0.0|1|100.0|0|||||||0.0|0.0
1080|SalePrice|1|1|242000.0|242000.0|242000.0|242000.0|242000.0|1|100.0|||0|0.0|0|0.0|1|100.0|0|0.0|1|242000.0|242000.0|0.0|242000.0|242000.0|0.0|0.0|-3.0
1081|SalePrice|1|1|219500.0|219500.0|219500.0|219500.0|219500.0|1|100.0|||0|0.0|0|0.0|1|100.0|0|0.0|1|219500.0|219500.0|0.0|219500.0|219500.0|0.0|0.0|-3.0
1087|SalePrice|1|0|0.0|||||1|100.0|||0|0.0|0|0.0|0|0.0|1|100.0|0|||||||0.0|0.0
1088|SalePrice|1|1|582933.0|582933.0|582933.0|582933.0|582933.0|1|100.0|||0|0.0|0|0.0|1|100.0|0|0.0|1|582933.0|582933.0|0.0|582933.0|582933.0|0.0|0.0|-3.0
1089|SalePrice|3|0|0.0|||||3|100.0|||0|0.0|0|0.0|0|0.0|3|100.0|0|||||||0.0|0.0
1092|SalePrice|1|1|276000.0|276000.0|276000.0|276000.0|276000.0|1|100.0|||0|0.0|0|0.0|1|100.0|0|0.0|1|276000.0|276000.0|0.0|276000.0|276000.0|0.0|0.0|-3.0
1093|SalePrice|1|1|341000.0|341000.0|341000.0|341000.0|341000.0|1|100.0|||0|0.0|0|0.0|1|100.0|0|0.0|1|341000.0|341000.0|0.0|341000.0|341000.0|0.0|0.0|-3.0
1096|SalePrice|1|1|412500.0|412500.0|412500.0|412500.0|412500.0|1|100.0|||0|0.0|0|0.0|1|100.0|0|0.0|1|412500.0|412500.0|0.0|412500.0|412500.0|0.0|0.0|-3.0
1097|SalePrice|2|1|337000.0|337000.0|337000.0|337000.0||1|50.0|||0|0.0|0|0.0|1|50.0|1|50.0|1|337000.0|337000.0|0.0|337000.0|337000.0|0.0|0.0|-3.0
1098|SalePrice|2|1|258000.0|258000.0|258000.0|258000.0||1|50.0|||0|0.0|0|0.0|1|50.0|1|50.0|1|258000.0|258000.0|0.0|258000.0|258000.0|0.0|0.0|-3.0
1099|SalePrice|1|0|0.0|||||1|100.0|||0|0.0|0|0.0|0|0.0|1|100.0|0|||||||0.0|0.0
1100|SalePrice|1|1|216500.0|216500.0|216500.0|216500.0|216500.0|1|100.0|||0|0.0|0|0.0|1|100.0|0|0.0|1|216500.0|216500.0|0.0|216500.0|216500.0|0.0|0.0|-3.0
1101|SalePrice|3|2|475000.0|237500.0|233666.43|237500.0||1|33.33|3612500000.0|60104.08|0|0.0|0|0.0|2|66.67|1|33.33|2|195000.0|280000.0|85000.0|216250.0|258750.0|42500.0|0.0|-2.0
1103|SalePrice|1|1|263435.0|263435.0|263435.0|263435.0|263435.0|1|100.0|||0|0.0|0|0.0|1|100.0|0|0.0|1|263435.0|263435.0|0.0|263435.0|263435.0|0.0|0.0|-3.0
1104|SalePrice|2|1|192140.0|192140.0|192140.0|192140.0||1|50.0|||0|0.0|0|0.0|1|50.0|1|50.0|1|192140.0|192140.0|0.0|192140.0|192140.0|0.0|0.0|-3.0
1106|SalePrice|1|1|290000.0|290000.0|290000.0|290000.0|290000.0|1|100.0|||0|0.0|0|0.0|1|100.0|0|0.0|1|290000.0|290000.0|0.0|290000.0|290000.0|0.0|0.0|-3.0
1111|SalePrice|2|1|187500.0|187500.0|187500.0|187500.0||1|50.0|||0|0.0|0|0.0|1|50.0|1|50.0|1|187500.0|187500.0|0.0|187500.0|187500.0|0.0|0.0|-3.0
1112|SalePrice|1|1|215000.0|215000.0|215000.0|215000.0|215000.0|1|100.0|||0|0.0|0|0.0|1|100.0|0|0.0|1|215000.0|215000.0|0.0|215000.0|215000.0|0.0|0.0|-3.0
1114|SalePrice|1|0|0.0|||||1|100.0|||0|0.0|0|0.0|0|0.0|1|100.0|0|||||||0.0|0.0
1116|SalePrice|2|1|260000.0|260000.0|260000.0|260000.0||1|50.0|||0|0.0|0|0.0|1|50.0|1|50.0|1|260000.0|260000.0|0.0|260000.0|260000.0|0.0|0.0|-3.0
1120|SalePrice|1|1|142953.0|142953.0|142953.0|142953.0|142953.0|1|100.0|||0|0.0|0|0.0|1|100.0|0|0.0|1|142953.0|142953.0|0.0|142953.0|142953.0|0.0|0.0|-3.0
1121|SalePrice|1|1|225000.0|225000.0|225000.0|225000.0|225000.0|1|100.0|||0|0.0|0|0.0|1|100.0|0|0.0|1|225000.0|225000.0|0.0|225000.0|225000.0|0.0|0.0|-3.0
1122|SalePrice|1|1|325000.0|325000.0|325000.0|325000.0|325000.0|1|100.0|||0|0.0|0|0.0|1|100.0|0|0.0|1|325000.0|325000.0|0.0|325000.0|325000.0|0.0|0.0|-3.0
1124|SalePrice|1|0|0.0|||||1|100.0|||0|0.0|0|0.0|0|0.0|1|100.0|0|||||||0.0|0.0
1126|SalePrice|1|0|0.0|||||1|100.0|||0|0.0|0|0.0|0|0.0|1|100.0|0|||||||0.0|0.0
1128|SalePrice|2|1|233000.0|233000.0|233000.0|233000.0||1|50.0|||0|0.0|0|0.0|1|50.0|1|50.0|1|233000.0|233000.0|0.0|233000.0|233000.0|0.0|0.0|-3.0
1129|SalePrice|1|1|268000.0|268000.0|268000.0|268000.0|268000.0|1|100.0|||0|0.0|0|0.0|1|100.0|0|0.0|1|268000.0|268000.0|0.0|268000.0|268000.0|0.0|0.0|-3.0
1131|SalePrice|1|0|0.0|||||1|100.0|||0|0.0|0|0.0|0|0.0|1|100.0|0|||||||0.0|0.0
1133|SalePrice|1|0|0.0|||||1|100.0|||0|0.0|0|0.0|0|0.0|1|100.0|0|||||||0.0|0.0
1134|SalePrice|3|1|274725.0|274725.0|274725.0|274725.0||2|66.67|||0|0.0|0|0.0|1|33.33|2|66.67|1|274725.0|274725.0|0.0|274725.0|274725.0|0.0|0.0|-3.0
1139|SalePrice|1|0|0.0|||||1|100.0|||0|0.0|0|0.0|0|0.0|1|100.0|0|||||||0.0|0.0
1140|SalePrice|3|2|625000.0|312500.0|311287.65|312500.0||1|33.33|1512500000.0|38890.87|0|0.0|0|0.0|2|66.67|1|33.33|2|285000.0|340000.0|55000.0|298750.0|326250.0|27500.0|0.0|-2.0
1141|SalePrice|1|1|255900.0|255900.0|255900.0|255900.0|255900.0|1|100.0|||0|0.0|0|0.0|1|100.0|0|0.0|1|255900.0|255900.0|0.0|255900.0|255900.0|0.0|0.0|-3.0
1142|SalePrice|5|2|595000.0|297500.0|293683.5|297500.0||3|60.0|4512500000.0|67175.14|0|0.0|0|0.0|2|40.0|3|60.0|2|250000.0|345000.0|95000.0|273750.0|321250.0|47500.0|0.0|-2.0
1150|SalePrice|1|0|0.0|||||1|100.0|||0|0.0|0|0.0|0|0.0|1|100.0|0|||||||0.0|0.0
1151|SalePrice|1|1|222500.0|222500.0|222500.0|222500.0|222500.0|1|100.0|||0|0.0|0|0.0|1|100.0|0|0.0|1|222500.0|222500.0|0.0|222500.0|222500.0|0.0|0.0|-3.0
1152|SalePrice|1|1|266500.0|266500.0|266500.0|266500.0|266500.0|1|100.0|||0|0.0|0|0.0|1|100.0|0|0.0|1|266500.0|266500.0|0.0|266500.0|266500.0|0.0|0.0|-3.0
1157|SalePrice|1|1|215000.0|215000.0|215000.0|215000.0|215000.0|1|100.0|||0|0.0|0|0.0|1|100.0|0|0.0|1|215000.0|215000.0|0.0|215000.0|215000.0|0.0|0.0|-3.0
1158|SalePrice|1|0|0.0|||||1|100.0|||0|0.0|0|0.0|0|0.0|1|100.0|0|||||||0.0|0.0
1160|SalePrice|1|1|315000.0|315000.0|315000.0|315000.0|315000.0|1|100.0|||0|0.0|0|0.0|1|100.0|0|0.0|1|315000.0|315000.0|0.0|315000.0|315000.0|0.0|0.0|-3.0
1162|SalePrice|1|0|0.0|||||1|100.0|||0|0.0|0|0.0|0|0.0|1|100.0|0|||||||0.0|0.0
1164|SalePrice|1|0|0.0|||||1|100.0|||0|0.0|0|0.0|0|0.0|1|100.0|0|||||||0.0|0.0
1168|SalePrice|2|1|310000.0|310000.0|310000.0|310000.0||1|50.0|||0|0.0|0|0.0|1|50.0|1|50.0|1|310000.0|310000.0|0.0|310000.0|310000.0|0.0|0.0|-3.0
1169|SalePrice|1|1|154300.0|154300.0|154300.0|154300.0|154300.0|1|100.0|||0|0.0|0|0.0|1|100.0|0|0.0|1|154300.0|154300.0|0.0|154300.0|154300.0|0.0|0.0|-3.0
1171|SalePrice|1|0|0.0|||||1|100.0|||0|0.0|0|0.0|0|0.0|1|100.0|0|||||||0.0|0.0
1174|SalePrice|1|1|485000.0|485000.0|485000.0|485000.0|485000.0|1|100.0|||0|0.0|0|0.0|1|100.0|0|0.0|1|485000.0|485000.0|0.0|485000.0|485000.0|0.0|0.0|-3.0
1175|SalePrice|1|1|239000.0|239000.0|239000.0|239000.0|239000.0|1|100.0|||0|0.0|0|0.0|1|100.0|0|0.0|1|239000.0|239000.0|0.0|239000.0|239000.0|0.0|0.0|-3.0
1177|SalePrice|2|2|634168.0|317084.0|316675.81|317084.0|333168.0|1|50.0|517390112.0|22746.21|0|0.0|0|0.0|2|100.0|0|0.0|2|301000.0|333168.0|32168.0|309042.0|325126.0|16084.0|0.0|-2.0
1178|SalePrice|1|1|315000.0|315000.0|315000.0|315000.0|315000.0|1|100.0|||0|0.0|0|0.0|1|100.0|0|0.0|1|315000.0|315000.0|0.0|315000.0|315000.0|0.0|0.0|-3.0
1182|SalePrice|2|1|263000.0|263000.0|263000.0|263000.0||1|50.0|||0|0.0|0|0.0|1|50.0|1|50.0|1|263000.0|263000.0|0.0|263000.0|263000.0|0.0|0.0|-3.0
1185|SalePrice|1|1|410000.0|410000.0|410000.0|410000.0|410000.0|1|100.0|||0|0.0|0|0.0|1|100.0|0|0.0|1|410000.0|410000.0|0.0|410000.0|410000.0|0.0|0.0|-3.0
1189|SalePrice|1|0|0.0|||||1|100.0|||0|0.0|0|0.0|0|0.0|1|100.0|0|||||||0.0|0.0
1194|SalePrice|1|1|269500.0|269500.0|269500.0|269500.0|269500.0|1|100.0|||0|0.0|0|0.0|1|100.0|0|0.0|1|269500.0|269500.0|0.0|269500.0|269500.0|0.0|0.0|-3.0
1196|SalePrice|1|1|244400.0|244400.0|244400.0|244400.0|244400.0|1|100.0|||0|0.0|0|0.0|1|100.0|0|0.0|1|244400.0|244400.0|0.0|244400.0|244400.0|0.0|0.0|-3.0
1198|SalePrice|1|0|0.0|||||1|100.0|||0|0.0|0|0.0|0|0.0|1|100.0|0|||||||0.0|0.0
1200|SalePrice|1|1|260000.0|260000.0|260000.0|260000.0|260000.0|1|100.0|||0|0.0|0|0.0|1|100.0|0|0.0|1|260000.0|260000.0|0.0|260000.0|260000.0|0.0|0.0|-3.0
1203|SalePrice|2|1|290000.0|290000.0|290000.0|290000.0||1|50.0|||0|0.0|0|0.0|1|50.0|1|50.0|1|290000.0|290000.0|0.0|290000.0|290000.0|0.0|0.0|-3.0
1208|SalePrice|2|2|543000.0|271500.0|271057.19|271500.0|256000.0|1|50.0|480500000.0|21920.31|0|0.0|0|0.0|2|100.0|0|0.0|2|256000.0|287000.0|31000.0|263750.0|279250.0|15500.0|0.0|-2.0
1209|SalePrice|1|0|0.0|||||1|100.0|||0|0.0|0|0.0|0|0.0|1|100.0|0|||||||0.0|0.0
1215|SalePrice|3|2|360000.0|180000.0|170399.53|180000.0||1|33.33|6728000000.0|82024.39|0|0.0|0|0.0|2|66.67|1|33.33|2|122000.0|238000.0|116000.0|151000.0|209000.0|58000.0|0.0|-2.0
1216|SalePrice|2|1|250000.0|250000.0|250000.0|250000.0||1|50.0|||0|0.0|0|0.0|1|50.0|1|50.0|1|250000.0|250000.0|0.0|250000.0|250000.0|0.0|0.0|-3.0
1218|SalePrice|1|1|325300.0|325300.0|325300.0|325300.0|325300.0|1|100.0|||0|0.0|0|0.0|1|100.0|0|0.0|1|325300.0|325300.0|0.0|325300.0|325300.0|0.0|0.0|-3.0
1221|SalePrice|1|0|0.0|||||1|100.0|||0|0.0|0|0.0|0|0.0|1|100.0|0|||||||0.0|0.0
1230|SalePrice|1|1|151400.0|151400.0|151400.0|151400.0|151400.0|1|100.0|||0|0.0|0|0.0|1|100.0|0|0.0|1|151400.0|151400.0|0.0|151400.0|151400.0|0.0|0.0|-3.0
1232|SalePrice|1|0|0.0|||||1|100.0|||0|0.0|0|0.0|0|0.0|1|100.0|0|||||||0.0|0.0
1234|SalePrice|1|0|0.0|||||1|100.0|||0|0.0|0|0.0|0|0.0|1|100.0|0|||||||0.0|0.0
1237|SalePrice|1|1|446261.0|446261.0|446261.0|446261.0|446261.0|1|100.0|||0|0.0|0|0.0|1|100.0|0|0.0|1|446261.0|446261.0|0.0|446261.0|446261.0|0.0|0.0|-3.0
1238|SalePrice|1|0|0.0|||||1|100.0|||0|0.0|0|0.0|0|0.0|1|100.0|0|||||||0.0|0.0
1240|SalePrice|2|0|0.0|||||2|100.0|||0|0.0|0|0.0|0|0.0|2|100.0|0|||||||0.0|0.0
1242|SalePrice|1|1|267000.0|267000.0|267000.0|267000.0|267000.0|1|100.0|||0|0.0|0|0.0|1|100.0|0|0.0|1|267000.0|267000.0|0.0|267000.0|267000.0|0.0|0.0|-3.0
1243|SalePrice|1|1|222000.0|222000.0|222000.0|222000.0|222000.0|1|100.0|||0|0.0|0|0.0|1|100.0|0|0.0|1|222000.0|222000.0|0.0|222000.0|222000.0|0.0|0.0|-3.0
1246|SalePrice|1|0|0.0|||||1|100.0|||0|0.0|0|0.0|0|0.0|1|100.0|0|||||||0.0|0.0
1248|SalePrice|1|0|0.0|||||1|100.0|||0|0.0|0|0.0|0|0.0|1|100.0|0|||||||0.0|0.0
1250|SalePrice|1|0|0.0|||||1|100.0|||0|0.0|0|0.0|0|0.0|1|100.0|0|||||||0.0|0.0
1254|SalePrice|3|3|923100.0|307700.0|303271.94|325000.0|325000.0|1|33.33|3830470000.0|61890.79|0|0.0|0|0.0|3|100.0|0|0.0|3|239000.0|359100.0|120100.0|282000.0|342050.0|60050.0|-0.47|-1.5
1257|SalePrice|1|1|200000.0|200000.0|200000.0|200000.0|200000.0|1|100.0|||0|0.0|0|0.0|1|100.0|0|0.0|1|200000.0|200000.0|0.0|200000.0|200000.0|0.0|0.0|-3.0
1259|SalePrice|1|1|190000.0|190000.0|190000.0|190000.0|190000.0|1|100.0|||0|0.0|0|0.0|1|100.0|0|0.0|1|190000.0|190000.0|0.0|190000.0|190000.0|0.0|0.0|-3.0
1274|SalePrice|1|1|260000.0|260000.0|260000.0|260000.0|260000.0|1|100.0|||0|0.0|0|0.0|1|100.0|0|0.0|1|260000.0|260000.0|0.0|260000.0|260000.0|0.0|0.0|-3.0
1275|SalePrice|1|0|0.0|||||1|100.0|||0|0.0|0|0.0|0|0.0|1|100.0|0|||||||0.0|0.0
1276|SalePrice|1|1|236000.0|236000.0|236000.0|236000.0|236000.0|1|100.0|||0|0.0|0|0.0|1|100.0|0|0.0|1|236000.0|236000.0|0.0|236000.0|236000.0|0.0|0.0|-3.0
1277|SalePrice|1|0|0.0|||||1|100.0|||0|0.0|0|0.0|0|0.0|1|100.0|0|||||||0.0|0.0
1281|SalePrice|1|1|335000.0|335000.0|335000.0|335000.0|335000.0|1|100.0|||0|0.0|0|0.0|1|100.0|0|0.0|1|335000.0|335000.0|0.0|335000.0|335000.0|0.0|0.0|-3.0
1285|SalePrice|2|0|0.0|||||2|100.0|||0|0.0|0|0.0|0|0.0|2|100.0|0|||||||0.0|0.0
1286|SalePrice|1|1|230000.0|230000.0|230000.0|230000.0|230000.0|1|100.0|||0|0.0|0|0.0|1|100.0|0|0.0|1|230000.0|230000.0|0.0|230000.0|230000.0|0.0|0.0|-3.0
1288|SalePrice|1|1|248000.0|248000.0|248000.0|248000.0|248000.0|1|100.0|||0|0.0|0|0.0|1|100.0|0|0.0|1|248000.0|248000.0|0.0|248000.0|248000.0|0.0|0.0|-3.0
1295|SalePrice|1|0|0.0|||||1|100.0|||0|0.0|0|0.0|0|0.0|1|100.0|0|||||||0.0|0.0
1296|SalePrice|3|1|200000.0|200000.0|200000.0|200000.0||2|66.67|||0|0.0|0|0.0|1|33.33|2|66.67|1|200000.0|200000.0|0.0|200000.0|200000.0|0.0|0.0|-3.0
1304|SalePrice|1|1|403000.0|403000.0|403000.0|403000.0|403000.0|1|100.0|||0|0.0|0|0.0|1|100.0|0|0.0|1|403000.0|403000.0|0.0|403000.0|403000.0|0.0|0.0|-3.0
1306|SalePrice|2|1|290000.0|290000.0|290000.0|290000.0||1|50.0|||0|0.0|0|0.0|1|50.0|1|50.0|1|290000.0|290000.0|0.0|290000.0|290000.0|0.0|0.0|-3.0
1309|SalePrice|1|0|0.0|||||1|100.0|||0|0.0|0|0.0|0|0.0|1|100.0|0|||||||0.0|0.0
1312|SalePrice|1|1|361919.0|361919.0|361919.0|361919.0|361919.0|1|100.0|||0|0.0|0|0.0|1|100.0|0|0.0|1|361919.0|361919.0|0.0|361919.0|361919.0|0.0|0.0|-3.0
1315|SalePrice|2|0|0.0|||||2|100.0|||0|0.0|0|0.0|0|0.0|2|100.0|0|||||||0.0|0.0
1319|SalePrice|1|0|0.0|||||1|100.0|||0|0.0|0|0.0|0|0.0|1|100.0|0|||||||0.0|0.0
1320|SalePrice|2|2|574979.0|287489.5|286683.64|287489.5|265979.0|1|50.0|925403220.5|30420.44|0|0.0|0|0.0|2|100.0|0|0.0|2|265979.0|309000.0|43021.0|276734.25|298244.75|21510.5|0.0|-2.0
1321|SalePrice|1|0|0.0|||||1|100.0|||0|0.0|0|0.0|0|0.0|1|100.0|0|||||||0.0|0.0
1323|SalePrice|1|1|290000.0|290000.0|290000.0|290000.0|290000.0|1|100.0|||0|0.0|0|0.0|1|100.0|0|0.0|1|290000.0|290000.0|0.0|290000.0|290000.0|0.0|0.0|-3.0
1325|SalePrice|1|0|0.0|||||1|100.0|||0|0.0|0|0.0|0|0.0|1|100.0|0|||||||0.0|0.0
1330|SalePrice|2|2|589000.0|294500.0|293639.23|294500.0|272000.0|1|50.0|1012500000.0|31819.81|0|0.0|0|0.0|2|100.0|0|0.0|2|272000.0|317000.0|45000.0|283250.0|305750.0|22500.0|0.0|-2.0
1332|SalePrice|2|1|354000.0|354000.0|354000.0|354000.0||1|50.0|||0|0.0|0|0.0|1|50.0|1|50.0|1|354000.0|354000.0|0.0|354000.0|354000.0|0.0|0.0|-3.0
1335|SalePrice|1|0|0.0|||||1|100.0|||0|0.0|0|0.0|0|0.0|1|100.0|0|||||||0.0|0.0
1336|SalePrice|1|1|336000.0|336000.0|336000.0|336000.0|336000.0|1|100.0|||0|0.0|0|0.0|1|100.0|0|0.0|1|336000.0|336000.0|0.0|336000.0|336000.0|0.0|0.0|-3.0
1340|SalePrice|1|0|0.0|||||1|100.0|||0|0.0|0|0.0|0|0.0|1|100.0|0|||||||0.0|0.0
1342|SalePrice|1|0|0.0|||||1|100.0|||0|0.0|0|0.0|0|0.0|1|100.0|0|||||||0.0|0.0
1345|SalePrice|1|0|0.0|||||1|100.0|||0|0.0|0|0.0|0|0.0|1|100.0|0|||||||0.0|0.0
1347|SalePrice|1|1|342643.0|342643.0|342643.0|342643.0|342643.0|1|100.0|||0|0.0|0|0.0|1|100.0|0|0.0|1|342643.0|342643.0|0.0|342643.0|342643.0|0.0|0.0|-3.0
1349|SalePrice|1|1|281213.0|281213.0|281213.0|281213.0|281213.0|1|100.0|||0|0.0|0|0.0|1|100.0|0|0.0|1|281213.0|281213.0|0.0|281213.0|281213.0|0.0|0.0|-3.0
1357|SalePrice|1|1|302000.0|302000.0|302000.0|302000.0|302000.0|1|100.0|||0|0.0|0|0.0|1|100.0|0|0.0|1|302000.0|302000.0|0.0|302000.0|302000.0|0.0|0.0|-3.0
1358|SalePrice|1|0|0.0|||||1|100.0|||0|0.0|0|0.0|0|0.0|1|100.0|0|||||||0.0|0.0
1360|SalePrice|1|1|235000.0|235000.0|235000.0|235000.0|235000.0|1|100.0|||0|0.0|0|0.0|1|100.0|0|0.0|1|235000.0|235000.0|0.0|235000.0|235000.0|0.0|0.0|-3.0
1362|SalePrice|1|1|424870.0|424870.0|424870.0|424870.0|424870.0|1|100.0|||0|0.0|0|0.0|1|100.0|0|0.0|1|424870.0|424870.0|0.0|424870.0|424870.0|0.0|0.0|-3.0
1368|SalePrice|1|0|0.0|||||1|100.0|||0|0.0|0|0.0|0|0.0|1|100.0|0|||||||0.0|0.0
1369|SalePrice|1|0|0.0|||||1|100.0|||0|0.0|0|0.0|0|0.0|1|100.0|0|||||||0.0|0.0
1370|SalePrice|1|1|325000.0|325000.0|325000.0|325000.0|325000.0|1|100.0|||0|0.0|0|0.0|1|100.0|0|0.0|1|325000.0|325000.0|0.0|325000.0|325000.0|0.0|0.0|-3.0
1371|SalePrice|1|0|0.0|||||1|100.0|||0|0.0|0|0.0|0|0.0|1|100.0|0|||||||0.0|0.0
1377|SalePrice|1|0|0.0|||||1|100.0|||0|0.0|0|0.0|0|0.0|1|100.0|0|||||||0.0|0.0
1384|SalePrice|1|0|0.0|||||1|100.0|||0|0.0|0|0.0|0|0.0|1|100.0|0|||||||0.0|0.0
1392|SalePrice|1|1|250000.0|250000.0|250000.0|250000.0|250000.0|1|100.0|||0|0.0|0|0.0|1|100.0|0|0.0|1|250000.0|250000.0|0.0|250000.0|250000.0|0.0|0.0|-3.0
1402|SalePrice|1|0|0.0|||||1|100.0|||0|0.0|0|0.0|0|0.0|1|100.0|0|||||||0.0|0.0
1405|SalePrice|1|0|0.0|||||1|100.0|||0|0.0|0|0.0|0|0.0|1|100.0|0|||||||0.0|0.0
1407|SalePrice|1|0|0.0|||||1|100.0|||0|0.0|0|0.0|0|0.0|1|100.0|0|||||||0.0|0.0
1414|SalePrice|1|1|383970.0|383970.0|383970.0|383970.0|383970.0|1|100.0|||0|0.0|0|0.0|1|100.0|0|0.0|1|383970.0|383970.0|0.0|383970.0|383970.0|0.0|0.0|-3.0
1420|SalePrice|1|0|0.0|||||1|100.0|||0|0.0|0|0.0|0|0.0|1|100.0|0|||||||0.0|0.0
1426|SalePrice|1|1|303477.0|303477.0|303477.0|303477.0|303477.0|1|100.0|||0|0.0|0|0.0|1|100.0|0|0.0|1|303477.0|303477.0|0.0|303477.0|303477.0|0.0|0.0|-3.0
1427|SalePrice|1|1|198500.0|198500.0|198500.0|198500.0|198500.0|1|100.0|||0|0.0|0|0.0|1|100.0|0|0.0|1|198500.0|198500.0|0.0|198500.0|198500.0|0.0|0.0|-3.0
1440|SalePrice|1|1|200000.0|200000.0|200000.0|200000.0|200000.0|1|100.0|||0|0.0|0|0.0|1|100.0|0|0.0|1|200000.0|200000.0|0.0|200000.0|200000.0|0.0|0.0|-3.0
1479|SalePrice|1|1|381000.0|381000.0|381000.0|381000.0|381000.0|1|100.0|||0|0.0|0|0.0|1|100.0|0|0.0|1|381000.0|381000.0|0.0|381000.0|381000.0|0.0|0.0|-3.0
1518|SalePrice|1|1|475000.0|475000.0|475000.0|475000.0|475000.0|1|100.0|||0|0.0|0|0.0|1|100.0|0|0.0|1|475000.0|475000.0|0.0|475000.0|475000.0|0.0|0.0|-3.0
1519|SalePrice|1|1|438780.0|438780.0|438780.0|438780.0|438780.0|1|100.0|||0|0.0|0|0.0|1|100.0|0|0.0|1|438780.0|438780.0|0.0|438780.0|438780.0|0.0|0.0|-3.0
1523|SalePrice|1|1|320000.0|320000.0|320000.0|320000.0|320000.0|1|100.0|||0|0.0|0|0.0|1|100.0|0|0.0|1|320000.0|320000.0|0.0|320000.0|320000.0|0.0|0.0|-3.0
1538|SalePrice|1|1|184750.0|184750.0|184750.0|184750.0|184750.0|1|100.0|||0|0.0|0|0.0|1|100.0|0|0.0|1|184750.0|184750.0|0.0|184750.0|184750.0|0.0|0.0|-3.0
1540|SalePrice|1|1|299800.0|299800.0|299800.0|299800.0|299800.0|1|100.0|||0|0.0|0|0.0|1|100.0|0|0.0|1|299800.0|299800.0|0.0|299800.0|299800.0|0.0|0.0|-3.0
1567|SalePrice|1|0|0.0|||||1|100.0|||0|0.0|0|0.0|0|0.0|1|100.0|0|||||||0.0|0.0
1589|SalePrice|1|1|538000.0|538000.0|538000.0|538000.0|538000.0|1|100.0|||0|0.0|0|0.0|1|100.0|0|0.0|1|538000.0|538000.0|0.0|538000.0|538000.0|0.0|0.0|-3.0
1611|SalePrice|1|1|189000.0|189000.0|189000.0|189000.0|189000.0|1|100.0|||0|0.0|0|0.0|1|100.0|0|0.0|1|189000.0|189000.0|0.0|189000.0|189000.0|0.0|0.0|-3.0
1619|SalePrice|3|0|0.0|||||3|100.0|||0|0.0|0|0.0|0|0.0|3|100.0|0|||||||0.0|0.0
1629|SalePrice|1|0|0.0|||||1|100.0|||0|0.0|0|0.0|0|0.0|1|100.0|0|||||||0.0|0.0
1721|SalePrice|1|0|0.0|||||1|100.0|||0|0.0|0|0.0|0|0.0|1|100.0|0|||||||0.0|0.0
1778|SalePrice|1|0|0.0|||||1|100.0|||0|0.0|0|0.0|0|0.0|1|100.0|0|||||||0.0|0.0
1788|SalePrice|1|0|0.0|||||1|100.0|||0|0.0|0|0.0|0|0.0|1|100.0|0|||||||0.0|0.0
1796|SalePrice|1|1|625000.0|625000.0|625000.0|625000.0|625000.0|1|100.0|||0|0.0|0|0.0|1|100.0|0|0.0|1|625000.0|625000.0|0.0|625000.0|625000.0|0.0|0.0|-3.0
1818|SalePrice|1|1|295000.0|295000.0|295000.0|295000.0|295000.0|1|100.0|||0|0.0|0|0.0|1|100.0|0|0.0|1|295000.0|295000.0|0.0|295000.0|295000.0|0.0|0.0|-3.0
1836|SalePrice|1|0|0.0|||||1|100.0|||0|0.0|0|0.0|0|0.0|1|100.0|0|||||||0.0|0.0
1862|SalePrice|1|0|0.0|||||1|100.0|||0|0.0|0|0.0|0|0.0|1|100.0|0|||||||0.0|0.0
1872|SalePrice|1|1|755000.0|755000.0|755000.0|755000.0|755000.0|1|100.0|||0|0.0|0|0.0|1|100.0|0|0.0|1|755000.0|755000.0|0.0|755000.0|755000.0|0.0|0.0|-3.0
2065|SalePrice|1|1|745000.0|745000.0|745000.0|745000.0|745000.0|1|100.0|||0|0.0|0|0.0|1|100.0|0|0.0|1|745000.0|745000.0|0.0|745000.0|745000.0|0.0|0.0|-3.0
