PassengerId|Survived|Pclass|Mrs|Ms|Priv|male|Age|SibSp|Parch|Ticket_Number|Fare|Embarked|FamSize|Alone|Dataset
1|0.0|1|0|0|0|1|22.0|1|0|21171|7.25|1|1|0|train
2|1.0|3|1|0|0|0|38.0|1|0|17599|71.2833|2|1|0|train
3|1.0|1|0|1|0|0|26.0|0|0|3101282|7.925|1|0|1|train
4|1.0|3|1|0|0|0|35.0|1|0|113803|53.1|1|1|0|train
5|0.0|1|0|0|0|1|35.0|0|0|373450|8.05|1|0|1|train
7|0.0|3|0|0|0|1|54.0|0|0|17463|51.8625|1|0|1|train
8|0.0|1|0|0|1|1|2.0|3|1|349909|21.075|1|4|0|train
9|1.0|1|1|0|0|0|27.0|0|2|347742|11.1333|1|2|0|train
10|1.0|2|1|0|0|0|14.0|1|0|237736|30.0708|2|1|0|train
11|1.0|1|0|1|0|0|4.0|1|1|9549|16.7|1|2|0|train
12|1.0|3|0|1|0|0|58.0|0|0|113783|26.55|1|0|1|train
13|0.0|1|0|0|0|1|20.0|0|0|2151|8.05|1|0|1|train
14|0.0|1|0|0|0|1|39.0|1|5|347082|31.275|1|6|0|train
15|0.0|1|0|1|0|0|14.0|0|0|350406|7.8542|1|0|1|train
16|1.0|2|1|0|0|0|55.0|0|0|248706|16.0|1|0|1|train
17|0.0|1|0|0|1|1|2.0|4|1|382652|29.125|3|5|0|train
19|0.0|1|1|0|0|0|31.0|1|0|345763|18.0|1|1|0|train
21|0.0|2|0|0|0|1|35.0|0|0|239865|26.0|1|0|1|train
22|1.0|2|0|0|0|1|34.0|0|0|248698|13.0|1|0|1|train
23|1.0|1|0|1|0|0|15.0|0|0|330923|8.0292|3|0|1|train
24|1.0|3|0|0|0|1|28.0|0|0|113788|35.5|1|0|1|train
25|0.0|1|0|1|0|0|8.0|3|1|349909|21.075|1|4|0|train
26|1.0|1|1|0|0|0|38.0|1|5|347077|31.3875|1|6|0|train
28|0.0|3|0|0|0|1|19.0|3|2|19950|263.0|1|5|0|train
31|0.0|3|0|0|0|1|40.0|0|0|17601|27.7208|2|0|1|train
34|0.0|2|0|0|0|1|66.0|0|0|24579|10.5|1|0|1|train
35|0.0|3|0|0|0|1|28.0|1|0|17604|82.1708|2|1|0|train
36|0.0|3|0|0|0|1|42.0|1|0|113789|52.0|1|1|0|train
38|0.0|1|0|0|0|1|21.0|0|0|2152|8.05|1|0|1|train
39|0.0|1|0|1|0|0|18.0|2|0|345764|18.0|1|2|0|train
40|1.0|1|0|1|0|0|14.0|1|0|2651|11.2417|2|1|0|train
41|0.0|1|1|0|0|0|40.0|1|0|7546|9.475|1|1|0|train
42|0.0|2|1|0|0|0|27.0|1|0|11668|21.0|1|1|0|train
44|1.0|2|0|1|0|0|3.0|1|2|2123|41.5792|2|3|0|train
45|1.0|1|0|1|0|0|19.0|0|0|330958|7.8792|3|0|1|train
50|0.0|1|1|0|0|0|18.0|1|0|349237|17.8|1|1|0|train
51|0.0|1|0|0|1|1|7.0|4|1|3101295|39.6875|1|5|0|train
52|0.0|1|0|0|0|1|21.0|0|0|39886|7.8|1|0|1|train
53|1.0|3|1|0|0|0|49.0|1|0|17572|76.7292|2|1|0|train
54|1.0|2|1|0|0|0|29.0|1|0|2926|26.0|1|1|0|train
55|0.0|3|0|0|0|1|65.0|0|1|113509|61.9792|2|1|0|train
57|1.0|2|0|1|0|0|21.0|0|0|31026|10.5|1|0|1|train
58|0.0|1|0|0|0|1|28.5|0|0|2697|7.2292|2|0|1|train
59|1.0|2|0|1|0|0|5.0|1|2|34651|27.75|1|3|0|train
60|0.0|1|0|0|1|1|11.0|5|2|2144|46.9|1|7|0|train
61|0.0|1|0|0|0|1|22.0|0|0|2669|7.2292|2|0|1|train
62|1.0|3|0|1|0|0|38.0|0|0|113572|80.0|1|0|1|train
63|0.0|3|0|0|0|1|45.0|1|0|36973|83.475|1|1|0|train
64|0.0|1|0|0|1|1|4.0|3|2|347088|27.9|1|5|0|train
67|1.0|2|1|0|0|0|29.0|0|0|29395|10.5|1|0|1|train
68|0.0|1|0|0|0|1|19.0|0|0|3464|8.1583|1|0|1|train
69|1.0|1|0|1|0|0|17.0|4|2|3101281|7.925|1|6|0|train
70|0.0|1|0|0|0|1|26.0|2|0|315151|8.6625|1|2|0|train
71|0.0|2|0|0|0|1|32.0|0|0|33111|10.5|1|0|1|train
72|0.0|1|0|1|0|0|16.0|5|2|2144|46.9|1|7|0|train
73|0.0|2|0|0|0|1|21.0|0|0|14879|73.5|1|0|1|train
74|0.0|1|0|0|0|1|26.0|1|0|2680|14.4542|2|1|0|train
75|1.0|1|0|0|0|1|32.0|0|0|1601|56.4958|1|0|1|train
76|0.0|1|0|0|0|1|25.0|0|0|348123|7.65|1|0|1|train
79|1.0|2|0|0|1|1|0.83|0|2|248738|29.0|1|2|0|train
80|1.0|1|0|1|0|0|30.0|0|0|364516|12.475|1|0|1|train
81|0.0|1|0|0|0|1|22.0|0|0|345767|9.0|1|0|1|train
82|1.0|1|0|0|0|1|29.0|0|0|345779|9.5|1|0|1|train
84|0.0|3|0|0|0|1|28.0|0|0|113059|47.1|1|0|1|train
85|1.0|2|0|1|0|0|17.0|0|0|14885|10.5|1|0|1|train
86|1.0|1|1|0|0|0|33.0|3|0|3101278|15.85|1|3|0|train
87|0.0|1|0|0|0|1|16.0|1|3|6608|34.375|1|4|0|train
89|1.0|3|0|1|0|0|23.0|3|2|19950|263.0|1|5|0|train
90|0.0|1|0|0|0|1|24.0|0|0|343275|8.05|1|0|1|train
91|0.0|1|0|0|0|1|29.0|0|0|343276|8.05|1|0|1|train
92|0.0|1|0|0|0|1|20.0|0|0|347466|7.8542|1|0|1|train
93|0.0|3|0|0|0|1|46.0|1|0|5734|61.175|1|1|0|train
94|0.0|1|0|0|0|1|26.0|1|2|2315|20.575|1|3|0|train
95|0.0|1|0|0|0|1|59.0|0|0|364500|7.25|1|0|1|train
97|0.0|3|0|0|0|1|71.0|0|0|17754|34.6542|2|0|1|train
98|1.0|3|0|0|0|1|23.0|0|1|17759|63.3583|2|1|0|train
99|1.0|2|1|0|0|0|34.0|0|1|231919|23.0|1|1|0|train
100|0.0|2|0|0|0|1|34.0|1|0|244367|26.0|1|1|0|train
101|0.0|1|0|1|0|0|28.0|0|0|349245|7.8958|1|0|1|train
103|0.0|3|0|0|0|1|21.0|0|1|35281|77.2875|1|1|0|train
104|0.0|1|0|0|0|1|33.0|0|0|7540|8.6542|1|0|1|train
105|0.0|1|0|0|0|1|37.0|2|0|3101276|7.925|1|2|0|train
106|0.0|1|0|0|0|1|28.0|0|0|349207|7.8958|1|0|1|train
107|1.0|1|0|1|0|0|21.0|0|0|343120|7.65|1|0|1|train
109|0.0|1|0|0|0|1|38.0|0|0|349249|7.8958|1|0|1|train
111|0.0|3|0|0|0|1|47.0|0|0|110465|52.0|1|0|1|train
112|0.0|1|0|1|0|0|14.5|1|0|2665|14.4542|2|1|0|train
113|0.0|1|0|0|0|1|22.0|0|0|324669|8.05|1|0|1|train
114|0.0|1|0|1|0|0|20.0|1|0|4136|9.825|1|1|0|train
115|0.0|1|0|1|0|0|17.0|0|0|2627|14.4583|2|0|1|train
116|0.0|1|0|0|0|1|21.0|0|0|3101294|7.925|1|0|1|train
117|0.0|1|0|0|0|1|70.5|0|0|370369|7.75|3|0|1|train
118|0.0|2|0|0|0|1|29.0|1|0|11668|21.0|1|1|0|train
119|0.0|3|0|0|0|1|24.0|0|1|17558|247.5208|2|1|0|train
120|0.0|1|0|1|0|0|2.0|4|2|347082|31.275|1|6|0|train
121|0.0|2|0|0|0|1|21.0|2|0|14879|73.5|1|2|0|train
123|0.0|2|0|0|0|1|32.5|1|0|237736|30.0708|2|1|0|train
124|1.0|2|0|1|0|0|32.5|0|0|27267|13.0|1|0|1|train
125|0.0|3|0|0|0|1|54.0|0|1|35281|77.2875|1|1|0|train
126|1.0|1|0|0|1|1|12.0|1|0|2651|11.2417|2|1|0|train
128|1.0|1|0|0|0|1|24.0|0|0|17369|7.1417|1|0|1|train
130|0.0|1|0|0|0|1|45.0|0|0|347061|6.975|1|0|1|train
131|0.0|1|0|0|0|1|33.0|0|0|349241|7.8958|2|0|1|train
132|0.0|1|0|0|0|1|20.0|0|0|3101307|7.05|1|0|1|train
133|0.0|1|1|0|0|0|47.0|1|0|3337|14.5|1|1|0|train
134|1.0|2|1|0|0|0|29.0|1|0|228414|26.0|1|1|0|train
135|0.0|2|0|0|0|1|25.0|0|0|29178|13.0|1|0|1|train
136|0.0|2|0|0|0|1|23.0|0|0|2133|15.0458|2|0|1|train
137|1.0|3|0|1|0|0|19.0|0|2|11752|26.2833|1|2|0|train
138|0.0|3|0|0|0|1|37.0|1|0|113803|53.1|1|1|0|train
139|0.0|1|0|0|0|1|16.0|0|0|7534|9.2167|1|0|1|train
140|0.0|3|0|0|0|1|24.0|0|0|17593|79.2|2|0|1|train
142|1.0|1|0|1|0|0|22.0|0|0|347081|7.75|1|0|1|train
143|1.0|1|1|0|0|0|24.0|1|0|3101279|15.85|1|1|0|train
144|0.0|1|0|0|0|1|19.0|0|0|365222|6.75|3|0|1|train
145|0.0|2|0|0|0|1|18.0|0|0|231945|11.5|1|0|1|train
146|0.0|2|0|0|0|1|19.0|1|1|33112|36.75|1|2|0|train
147|1.0|1|0|0|0|1|27.0|0|0|350043|7.7958|1|0|1|train
148|0.0|1|0|1|0|0|9.0|2|2|6608|34.375|1|4|0|train
149|0.0|2|0|0|0|1|36.5|0|2|230080|26.0|1|2|0|train
150|0.0|2|0|0|1|1|42.0|0|0|244310|13.0|1|0|1|train
151|0.0|2|0|0|1|1|51.0|0|0|1166|12.525|1|0|1|train
152|1.0|3|1|0|0|0|22.0|1|0|113776|66.6|1|1|0|train
153|0.0|1|0|0|0|1|55.5|0|0|11206|8.05|1|0|1|train
154|0.0|1|0|0|0|1|40.5|0|2|851|14.5|1|2|0|train
156|0.0|3|0|0|0|1|51.0|0|1|17597|61.3792|2|1|0|train
157|1.0|1|0|1|0|0|16.0|0|0|35851|7.7333|3|0|1|train
158|0.0|1|0|0|0|1|30.0|0|0|392090|8.05|1|0|1|train
161|0.0|1|0|0|0|1|44.0|0|1|371362|16.1|1|1|0|train
162|1.0|2|1|0|0|0|40.0|0|0|33595|15.75|1|0|1|train
163|0.0|1|0|0|0|1|26.0|0|0|347068|7.775|1|0|1|train
164|0.0|1|0|0|0|1|17.0|0|0|315093|8.6625|1|0|1|train
165|0.0|1|0|0|1|1|1.0|4|1|3101295|39.6875|1|5|0|train
166|1.0|1|0|0|1|1|9.0|0|2|363291|20.525|1|2|0|train
168|0.0|1|1|0|0|0|45.0|1|4|347088|27.9|1|5|0|train
170|0.0|1|0|0|0|1|28.0|0|0|1601|56.4958|1|0|1|train
171|0.0|3|0|0|0|1|61.0|0|0|111240|33.5|1|0|1|train
172|0.0|1|0|0|1|1|4.0|4|1|382652|29.125|3|5|0|train
173|1.0|1|0|1|0|0|1.0|1|1|347742|11.1333|1|2|0|train
174|0.0|1|0|0|0|1|21.0|0|0|3101280|7.925|1|0|1|train
175|0.0|3|0|0|0|1|56.0|0|0|17764|30.6958|2|0|1|train
176|0.0|1|0|0|0|1|18.0|1|1|350404|7.8542|1|2|0|train
178|0.0|3|0|1|0|0|50.0|0|0|17595|28.7125|2|0|1|train
179|0.0|2|0|0|0|1|30.0|0|0|250653|13.0|1|0|1|train
180|0.0|1|0|0|0|1|36.0|0|0|-1|0.0|1|0|1|train
183|0.0|1|0|0|1|1|9.0|4|2|347077|31.3875|1|6|0|train
184|1.0|2|0|0|1|1|1.0|2|1|230136|39.0|1|3|0|train
185|1.0|1|0|1|0|0|4.0|0|2|315153|22.025|1|2|0|train
188|1.0|3|0|0|0|1|45.0|0|0|111428|26.55|1|0|1|train
189|0.0|1|0|0|0|1|40.0|1|1|364849|15.5|3|2|0|train
190|0.0|1|0|0|0|1|36.0|0|0|349247|7.8958|1|0|1|train
191|1.0|2|1|0|0|0|32.0|0|0|234604|13.0|1|0|1|train
192|0.0|2|0|0|0|1|19.0|0|0|28424|13.0|1|0|1|train
193|1.0|1|0|1|0|0|19.0|1|0|350046|7.8542|1|1|0|train
194|1.0|2|0|0|1|1|3.0|1|1|230080|26.0|1|2|0|train
195|1.0|3|1|0|0|0|44.0|0|0|17610|27.7208|2|0|1|train
196|1.0|3|0|1|0|0|58.0|0|0|17569|146.5208|2|0|1|train
198|0.0|1|0|0|0|1|42.0|0|1|4579|8.4042|1|1|0|train
200|0.0|2|0|1|0|0|24.0|0|0|248747|13.0|1|0|1|train
201|0.0|1|0|0|0|1|28.0|0|0|345770|9.5|1|0|1|train
203|0.0|1|0|0|0|1|34.0|0|0|3101264|6.4958|1|0|1|train
204|0.0|1|0|0|0|1|45.5|0|0|2628|7.225|2|0|1|train
205|1.0|1|0|0|0|1|18.0|0|0|3540|8.05|1|0|1|train
206|0.0|1|0|1|0|0|2.0|0|1|347054|10.4625|1|1|0|train
207|0.0|1|0|0|0|1|32.0|1|0|3101278|15.85|1|1|0|train
208|1.0|1|0|0|0|1|26.0|0|0|2699|18.7875|2|0|1|train
209|1.0|1|0|1|0|0|16.0|0|0|367231|7.75|3|0|1|train
210|1.0|3|0|0|0|1|40.0|0|0|112277|31.0|2|0|1|train
211|0.0|1|0|0|0|1|24.0|0|0|3101311|7.05|1|0|1|train
212|1.0|2|0|1|0|0|35.0|0|0|13528|21.0|1|0|1|train
213|0.0|1|0|0|0|1|22.0|0|0|21174|7.25|1|0|1|train
214|0.0|2|0|0|0|1|30.0|0|0|250646|13.0|1|0|1|train
216|1.0|3|0|1|0|0|31.0|1|0|35273|113.275|2|1|0|train
217|1.0|1|0|1|0|0|27.0|0|0|3101283|7.925|1|0|1|train
218|0.0|2|0|0|0|1|42.0|1|0|243847|27.0|1|1|0|train
219|1.0|3|0|1|0|0|32.0|0|0|11813|76.2917|2|0|1|train
220|0.0|2|0|0|0|1|30.0|0|0|14208|10.5|1|0|1|train
221|1.0|1|0|0|0|1|16.0|0|0|392089|8.05|1|0|1|train
222|0.0|2|0|0|0|1|27.0|0|0|220367|13.0|1|0|1|train
223|0.0|1|0|0|0|1|51.0|0|0|21440|8.05|1|0|1|train
225|1.0|3|0|0|0|1|38.0|1|0|19943|90.0|1|1|0|train
226|0.0|1|0|0|0|1|22.0|0|0|4348|9.35|1|0|1|train
227|1.0|2|0|0|0|1|19.0|0|0|751|10.5|1|0|1|train
228|0.0|1|0|0|0|1|20.5|0|0|21173|7.25|1|0|1|train
229|0.0|2|0|0|0|1|18.0|0|0|236171|13.0|1|0|1|train
231|1.0|3|1|0|0|0|35.0|1|0|36973|83.475|1|1|0|train
232|0.0|1|0|0|0|1|29.0|0|0|347067|7.775|1|0|1|train
233|0.0|2|0|0|0|1|59.0|0|0|237442|13.5|1|0|1|train
234|1.0|1|0|1|0|0|5.0|4|2|347077|31.3875|1|6|0|train
235|0.0|2|0|0|0|1|24.0|0|0|29566|10.5|1|0|1|train
237|0.0|2|0|0|0|1|44.0|1|0|26707|26.0|1|1|0|train
238|1.0|2|0|1|0|0|8.0|0|2|31921|26.25|1|2|0|train
239|0.0|2|0|0|0|1|19.0|0|0|28665|10.5|1|0|1|train
240|0.0|2|0|0|0|1|33.0|0|0|1585|12.275|1|0|1|train
243|0.0|2|0|0|0|1|29.0|0|0|14263|10.5|1|0|1|train
244|0.0|1|0|0|0|1|22.0|0|0|3101275|7.125|1|0|1|train
245|0.0|1|0|0|0|1|30.0|0|0|2694|7.225|2|0|1|train
246|0.0|3|0|0|1|1|44.0|2|0|19928|90.0|3|2|0|train
247|0.0|1|0|1|0|0|25.0|0|0|347071|7.775|1|0|1|train
248|1.0|2|1|0|0|0|24.0|0|2|250649|14.5|1|2|0|train
249|1.0|3|0|0|0|1|37.0|1|1|11751|52.5542|1|2|0|train
250|0.0|2|0|0|1|1|54.0|1|0|244252|26.0|1|1|0|train
252|0.0|1|1|0|0|0|29.0|1|1|347054|10.4625|1|2|0|train
253|0.0|3|0|0|0|1|62.0|0|0|113514|26.55|1|0|1|train
254|0.0|1|0|0|0|1|30.0|1|0|3336|16.1|1|1|0|train
255|0.0|1|1|0|0|0|41.0|0|2|370129|20.2125|1|2|0|train
256|1.0|1|1|0|0|0|29.0|0|2|2650|15.2458|2|2|0|train
258|1.0|3|0|1|0|0|30.0|0|0|110152|86.5|1|0|1|train
259|1.0|3|0|1|0|0|35.0|0|0|17755|512.3292|2|0|1|train
260|1.0|2|1|0|0|0|50.0|0|1|230433|26.0|1|1|0|train
262|1.0|1|0|0|1|1|3.0|4|2|347077|31.3875|1|6|0|train
263|0.0|3|0|0|0|1|52.0|1|1|110413|79.65|1|2|0|train
264|0.0|3|0|0|0|1|40.0|0|0|112059|0.0|1|0|1|train
266|0.0|2|0|0|0|1|36.0|0|0|17248|10.5|1|0|1|train
267|0.0|1|0|0|0|1|16.0|4|1|3101295|39.6875|1|5|0|train
268|1.0|1|0|0|0|1|25.0|1|0|347083|7.775|1|1|0|train
269|1.0|3|1|0|0|0|58.0|0|1|17582|153.4625|1|1|0|train
270|1.0|3|0|1|0|0|35.0|0|0|17760|135.6333|1|0|1|train
272|1.0|1|0|0|0|1|25.0|0|0|-1|0.0|1|0|1|train
273|1.0|2|1|0|0|0|41.0|0|1|250644|19.5|1|1|0|train
274|0.0|3|0|0|0|1|37.0|0|1|17596|29.7|2|1|0|train
276|1.0|3|0|1|0|0|63.0|1|0|13502|77.9583|1|1|0|train
277|0.0|1|0|1|0|0|45.0|0|0|347073|7.75|1|0|1|train
279|0.0|1|0|0|1|1|7.0|4|1|382652|29.125|3|5|0|train
280|1.0|1|1|0|0|0|35.0|1|1|2673|20.25|1|2|0|train
281|0.0|1|0|0|0|1|65.0|0|0|336439|7.75|3|0|1|train
282|0.0|1|0|0|0|1|28.0|0|0|347464|7.8542|1|0|1|train
283|0.0|1|0|0|0|1|16.0|0|0|345778|9.5|1|0|1|train
284|1.0|1|0|0|0|1|19.0|0|0|10482|8.05|1|0|1|train
286|0.0|1|0|0|0|1|33.0|0|0|349239|8.6625|2|0|1|train
287|1.0|1|0|0|0|1|30.0|0|0|345774|9.5|1|0|1|train
288|0.0|1|0|0|0|1|22.0|0|0|349206|7.8958|1|0|1|train
289|1.0|2|0|0|0|1|42.0|0|0|237798|13.0|1|0|1|train
290|1.0|1|0|1|0|0|22.0|0|0|370373|7.75|3|0|1|train
291|1.0|3|0|1|0|0|26.0|0|0|19877|78.85|1|0|1|train
292|1.0|3|1|0|0|0|19.0|1|0|11967|91.0792|2|1|0|train
293|0.0|2|0|0|0|1|36.0|0|0|2163|12.875|2|0|1|train
294|0.0|1|0|1|0|0|24.0|0|0|349236|8.85|1|0|1|train
295|0.0|1|0|0|0|1|24.0|0|0|349233|7.8958|1|0|1|train
297|0.0|1|0|0|0|1|23.5|0|0|2693|7.2292|2|0|1|train
298|0.0|3|0|1|0|0|2.0|1|2|113781|151.55|1|3|0|train
300|1.0|3|1|0|0|0|50.0|0|1|17558|247.5208|2|1|0|train
303|0.0|1|0|0|0|1|19.0|0|0|-1|0.0|1|0|1|train
306|1.0|3|0|0|1|1|0.92|1|2|113781|151.55|1|3|0|train
308|1.0|3|1|0|0|0|17.0|1|0|17758|108.9|2|1|0|train
309|0.0|2|0|0|0|1|30.0|1|0|3381|24.0|2|1|0|train
310|1.0|3|0|1|0|0|30.0|0|0|17485|56.9292|2|0|1|train
311|1.0|3|0|1|0|0|24.0|0|0|11767|83.1583|2|0|1|train
312|1.0|3|0|1|0|0|18.0|2|2|17608|262.375|2|4|0|train
313|0.0|2|1|0|0|0|26.0|1|1|250651|26.0|1|2|0|train
314|0.0|1|0|0|0|1|28.0|0|0|349243|7.8958|1|0|1|train
315|0.0|2|0|0|0|1|43.0|1|1|13529|26.25|1|2|0|train
316|1.0|1|0|1|0|0|26.0|0|0|347470|7.8542|1|0|1|train
317|1.0|2|1|0|0|0|24.0|1|0|244367|26.0|1|1|0|train
318|0.0|2|0|0|1|1|54.0|0|0|29011|14.0|1|0|1|train
319|1.0|3|0|1|0|0|31.0|0|2|36928|164.8667|1|2|0|train
320|1.0|3|1|0|0|0|40.0|1|1|16966|134.5|2|2|0|train
321|0.0|1|0|0|0|1|22.0|0|0|21172|7.25|1|0|1|train
322|0.0|1|0|0|0|1|27.0|0|0|349219|7.8958|1|0|1|train
323|1.0|2|0|1|0|0|30.0|0|0|234818|12.35|3|0|1|train
324|1.0|2|1|0|0|0|22.0|1|1|248738|29.0|1|2|0|train
326|1.0|3|0|1|0|0|36.0|0|0|17760|135.6333|2|0|1|train
327|0.0|1|0|0|0|1|61.0|0|0|345364|6.2375|1|0|1|train
328|1.0|2|1|0|0|0|36.0|0|0|28551|13.0|1|0|1|train
329|1.0|1|1|0|0|0|31.0|1|1|363291|20.525|1|2|0|train
330|1.0|3|0|1|0|0|16.0|0|1|111361|57.9792|2|1|0|train
332|0.0|3|0|0|0|1|45.5|0|0|113043|28.5|1|0|1|train
333|0.0|3|0|0|0|1|38.0|0|1|17582|153.4625|1|1|0|train
334|0.0|1|0|0|0|1|16.0|2|0|345764|18.0|1|2|0|train
337|0.0|3|0|0|0|1|29.0|1|0|113776|66.6|1|1|0|train
338|1.0|3|0|1|0|0|41.0|0|0|16966|134.5|2|0|1|train
339|1.0|1|0|0|0|1|45.0|0|0|7598|8.05|1|0|1|train
340|0.0|3|0|0|0|1|45.0|0|0|113784|35.5|1|0|1|train
341|1.0|2|0|0|1|1|2.0|1|1|230080|26.0|1|2|0|train
342|1.0|3|0|1|0|0|24.0|3|2|19950|263.0|1|5|0|train
343|0.0|2|0|0|0|1|28.0|0|0|248740|13.0|1|0|1|train
344|0.0|2|0|0|0|1|25.0|0|0|244361|13.0|1|0|1|train
345|0.0|2|0|0|0|1|36.0|0|0|229236|13.0|1|0|1|train
346|1.0|2|0|1|0|0|24.0|0|0|248733|13.0|1|0|1|train
347|1.0|2|0|1|0|0|40.0|0|0|31418|13.0|1|0|1|train
349|1.0|1|0|0|1|1|3.0|1|1|37671|15.9|1|2|0|train
350|0.0|1|0|0|0|1|42.0|0|0|315088|8.6625|1|0|1|train
351|0.0|1|0|0|0|1|23.0|0|0|7267|9.225|1|0|1|train
353|0.0|1|0|0|0|1|15.0|1|1|2695|7.2292|2|2|0|train
354|0.0|1|0|0|0|1|25.0|1|0|349237|17.8|1|1|0|train
356|0.0|1|0|0|0|1|28.0|0|0|345783|9.5|1|0|1|train
357|1.0|3|0|1|0|0|22.0|0|1|113505|55.0|1|1|0|train
358|0.0|2|0|1|0|0|38.0|0|0|237671|13.0|1|0|1|train
361|0.0|1|0|0|0|1|40.0|1|4|347088|27.9|1|5|0|train
362|0.0|2|0|0|0|1|29.0|1|0|2167|27.7208|2|1|0|train
363|0.0|1|1|0|0|0|45.0|0|1|2691|14.4542|2|1|0|train
364|0.0|1|0|0|0|1|35.0|0|0|3101310|7.05|1|0|1|train
366|0.0|1|0|0|0|1|30.0|0|0|7076|7.25|1|0|1|train
367|1.0|3|1|0|0|0|60.0|1|0|110813|75.25|2|1|0|train
370|1.0|3|1|0|0|0|24.0|0|0|17477|69.3|2|0|1|train
371|1.0|3|0|0|0|1|25.0|1|0|11765|55.4417|2|1|0|train
372|0.0|1|0|0|0|1|18.0|1|0|3101267|6.4958|1|1|0|train
373|0.0|1|0|0|0|1|19.0|0|0|323951|8.05|1|0|1|train
374|0.0|3|0|0|0|1|22.0|0|0|17760|135.6333|2|0|1|train
375|0.0|1|0|1|0|0|3.0|3|1|349909|21.075|1|4|0|train
377|1.0|1|0|1|0|0|22.0|0|0|7077|7.25|1|0|1|train
378|0.0|3|0|0|0|1|27.0|0|2|113503|211.5|2|2|0|train
379|0.0|1|0|0|0|1|20.0|0|0|2648|4.0125|2|0|1|train
380|0.0|1|0|0|0|1|19.0|0|0|347069|7.775|1|0|1|train
381|1.0|3|0|1|0|0|42.0|0|0|17757|227.525|2|0|1|train
382|1.0|1|0|1|0|0|1.0|0|2|2653|15.7417|2|2|0|train
383|0.0|1|0|0|0|1|32.0|0|0|3101293|7.925|1|0|1|train
384|1.0|3|1|0|0|0|35.0|1|0|113789|52.0|1|1|0|train
386|0.0|2|0|0|0|1|18.0|0|0|14879|73.5|1|0|1|train
387|0.0|1|0|0|1|1|1.0|5|2|2144|46.9|1|7|0|train
388|1.0|2|0|1|0|0|36.0|0|0|27849|13.0|1|0|1|train
390|1.0|2|0|1|0|0|17.0|0|0|1748|12.0|2|0|1|train
391|1.0|3|0|0|0|1|36.0|1|2|113760|120.0|1|3|0|train
392|1.0|1|0|0|0|1|21.0|0|0|350034|7.7958|1|0|1|train
393|0.0|1|0|0|0|1|28.0|2|0|3101277|7.925|1|2|0|train
394|1.0|3|0|1|0|0|23.0|1|0|35273|113.275|2|1|0|train
395|1.0|1|1|0|0|0|24.0|0|2|9549|16.7|1|2|0|train
396|0.0|1|0|0|0|1|22.0|0|0|350052|7.7958|1|0|1|train
397|0.0|1|0|1|0|0|31.0|0|0|350407|7.8542|1|0|1|train
398|0.0|2|0|0|0|1|46.0|0|0|28403|26.0|1|0|1|train
399|0.0|2|0|0|1|1|23.0|0|0|244278|10.5|1|0|1|train
400|1.0|2|1|0|0|0|28.0|0|0|240929|12.65|1|0|1|train
401|1.0|1|0|0|0|1|39.0|0|0|3101289|7.925|1|0|1|train
402|0.0|1|0|0|0|1|26.0|0|0|341826|8.05|1|0|1|train
403|0.0|1|0|1|0|0|21.0|1|0|4137|9.825|1|1|0|train
404|0.0|1|0|0|0|1|28.0|1|0|3101279|15.85|1|1|0|train
405|0.0|1|0|1|0|0|20.0|0|0|315096|8.6625|1|0|1|train
406|0.0|2|0|0|0|1|34.0|1|0|28664|21.0|1|1|0|train
407|0.0|1|0|0|0|1|51.0|0|0|347064|7.75|1|0|1|train
408|1.0|2|0|0|1|1|3.0|1|1|29106|18.75|1|2|0|train
409|0.0|1|0|0|0|1|21.0|0|0|312992|7.775|1|0|1|train
413|1.0|3|0|1|0|0|33.0|1|0|19928|90.0|3|1|0|train
415|1.0|1|0|0|0|1|44.0|0|0|3101269|7.925|1|0|1|train
417|1.0|2|1|0|0|0|34.0|1|1|28220|32.5|1|2|0|train
418|1.0|2|0|1|0|0|18.0|0|2|250652|13.0|1|2|0|train
419|0.0|2|0|0|0|1|30.0|0|0|28228|13.0|1|0|1|train
420|0.0|1|0|1|0|0|10.0|0|2|345773|24.15|1|2|0|train
422|0.0|1|0|0|0|1|21.0|0|0|13032|7.7333|3|0|1|train
423|0.0|1|0|0|0|1|29.0|0|0|315082|7.875|1|0|1|train
424|0.0|1|1|0|0|0|28.0|1|1|347080|14.4|1|2|0|train
425|0.0|1|0|0|0|1|18.0|1|1|370129|20.2125|1|2|0|train
427|1.0|2|1|0|0|0|28.0|1|0|2003|26.0|1|1|0|train
428|1.0|2|0|1|0|0|19.0|0|0|250655|26.0|1|0|1|train
430|1.0|1|0|0|0|1|32.0|0|0|392078|8.05|1|0|1|train
431|1.0|3|0|0|0|1|28.0|0|0|110564|26.55|1|0|1|train
433|1.0|2|1|0|0|0|42.0|1|0|3085|26.0|1|1|0|train
434|0.0|1|0|0|0|1|17.0|0|0|3101274|7.125|1|0|1|train
435|0.0|3|0|0|0|1|50.0|1|0|13507|55.9|1|1|0|train
436|1.0|3|0|1|0|0|14.0|1|2|113760|120.0|1|3|0|train
437|0.0|1|0|1|0|0|21.0|2|2|6608|34.375|1|4|0|train
438|1.0|2|1|0|0|0|24.0|2|3|29106|18.75|1|5|0|train
439|0.0|3|0|0|0|1|64.0|1|4|19950|263.0|1|5|0|train
440|0.0|2|0|0|0|1|31.0|0|0|18723|10.5|1|0|1|train
441|1.0|2|1|0|0|0|45.0|1|1|13529|26.25|1|2|0|train
442|0.0|1|0|0|0|1|20.0|0|0|345769|9.5|1|0|1|train
443|0.0|1|0|0|0|1|25.0|1|0|347076|7.775|1|1|0|train
444|1.0|2|0|1|0|0|28.0|0|0|230434|13.0|1|0|1|train
446|1.0|3|0|0|1|1|4.0|0|2|33638|81.8583|1|2|0|train
447|1.0|2|0|1|0|0|13.0|0|1|250644|19.5|1|1|0|train
448|1.0|3|0|0|0|1|34.0|0|0|113794|26.55|1|0|1|train
449|1.0|1|0|1|0|0|5.0|2|1|2666|19.2583|2|3|0|train
450|1.0|3|0|0|1|1|52.0|0|0|113786|30.5|1|0|1|train
451|0.0|2|0|0|0|1|36.0|1|2|34651|27.75|1|3|0|train
453|0.0|3|0|0|0|1|30.0|0|0|113051|27.75|2|0|1|train
454|1.0|3|0|0|0|1|49.0|1|0|17453|89.1042|2|1|0|train
456|1.0|1|0|0|0|1|29.0|0|0|349240|7.8958|2|0|1|train
457|0.0|3|0|0|0|1|65.0|0|0|13509|26.55|1|0|1|train
459|1.0|2|0|1|0|0|50.0|0|0|13531|10.5|1|0|1|train
461|1.0|3|0|0|0|1|48.0|0|0|19952|26.55|1|0|1|train
462|0.0|1|0|0|0|1|34.0|0|0|364506|8.05|1|0|1|train
463|0.0|3|0|0|0|1|47.0|0|0|111320|38.5|1|0|1|train
464|0.0|2|0|0|0|1|48.0|0|0|234360|13.0|1|0|1|train
466|0.0|1|0|0|0|1|38.0|0|0|3101306|7.05|1|0|1|train
468|0.0|3|0|0|0|1|56.0|0|0|113792|26.55|1|0|1|train
470|1.0|1|0|1|0|0|0.75|2|1|2666|19.2583|2|3|0|train
472|0.0|1|0|0|0|1|38.0|0|0|315089|8.6625|1|0|1|train
473|1.0|2|1|0|0|0|33.0|1|2|34651|27.75|1|3|0|train
474|1.0|2|1|0|0|0|23.0|0|0|541|13.7917|2|0|1|train
475|0.0|1|0|1|0|0|22.0|0|0|7553|9.8375|1|0|1|train
477|0.0|2|0|0|0|1|34.0|1|0|31027|21.0|1|1|0|train
478|0.0|1|0|0|0|1|29.0|1|0|3460|7.0458|1|1|0|train
479|0.0|1|0|0|0|1|22.0|0|0|350060|7.5208|1|0|1|train
480|1.0|1|0|1|0|0|2.0|0|1|3101298|12.2875|1|1|0|train
481|0.0|1|0|0|1|1|9.0|5|2|2144|46.9|1|7|0|train
483|0.0|1|0|0|0|1|50.0|0|0|3594|8.05|1|0|1|train
484|1.0|1|1|0|0|0|63.0|0|0|4134|9.5875|1|0|1|train
485|1.0|3|0|0|0|1|25.0|1|0|11967|91.0792|2|1|0|train
487|1.0|3|1|0|0|0|35.0|1|0|19943|90.0|1|1|0|train
488|0.0|3|0|0|0|1|58.0|0|0|11771|29.7|2|0|1|train
489|0.0|1|0|0|0|1|30.0|0|0|18509|8.05|1|0|1|train
490|1.0|1|0|0|1|1|9.0|1|1|37671|15.9|1|2|0|train
492|0.0|1|0|0|0|1|21.0|0|0|3101317|7.25|1|0|1|train
493|0.0|3|0|0|0|1|55.0|0|0|113787|30.5|1|0|1|train
494|0.0|3|0|0|0|1|71.0|0|0|17609|49.5042|2|0|1|train
495|0.0|1|0|0|0|1|21.0|0|0|45380|8.05|1|0|1|train
497|1.0|3|0|1|0|0|54.0|1|0|36947|78.2667|2|1|0|train
499|0.0|3|1|0|0|0|25.0|1|2|113781|151.55|1|3|0|train
500|0.0|1|0|0|0|1|24.0|0|0|350035|7.7958|1|0|1|train
501|0.0|1|0|0|0|1|17.0|0|0|315086|8.6625|1|0|1|train
502|0.0|1|0|1|0|0|21.0|0|0|364846|7.75|3|0|1|train
504|0.0|1|0|1|0|0|37.0|0|0|4135|9.5875|1|0|1|train
505|1.0|3|0|1|0|0|16.0|0|0|110152|86.5|1|0|1|train
506|0.0|3|0|0|0|1|18.0|1|0|17758|108.9|2|1|0|train
507|1.0|2|1|0|0|0|33.0|0|2|26360|26.0|1|2|0|train
509|0.0|1|0|0|0|1|28.0|0|0|4001|22.525|1|0|1|train
510|1.0|1|0|0|0|1|26.0|0|0|1601|56.4958|1|0|1|train
511|1.0|1|0|0|0|1|29.0|0|0|382651|7.75|3|0|1|train
513|1.0|3|0|0|0|1|36.0|0|0|17473|26.2875|1|0|1|train
514|1.0|3|1|0|0|0|54.0|1|0|17603|59.4|2|1|0|train
515|0.0|1|0|0|0|1|24.0|0|0|349209|7.4958|1|0|1|train
516|0.0|3|0|0|0|1|47.0|0|0|36967|34.0208|1|0|1|train
517|1.0|2|1|0|0|0|34.0|0|0|34260|10.5|1|0|1|train
519|1.0|2|1|0|0|0|36.0|1|0|226875|26.0|1|1|0|train
520|0.0|1|0|0|0|1|32.0|0|0|349242|7.8958|1|0|1|train
521|1.0|3|0|1|0|0|30.0|0|0|12749|93.5|1|0|1|train
522|0.0|1|0|0|0|1|22.0|0|0|349252|7.8958|1|0|1|train
524|1.0|3|1|0|0|0|44.0|0|1|111361|57.9792|2|1|0|train
526|0.0|1|0|0|0|1|40.5|0|0|367232|7.75|3|0|1|train
527|1.0|2|0|1|0|0|50.0|0|0|14258|10.5|1|0|1|train
529|0.0|1|0|0|0|1|39.0|0|0|3101296|7.925|1|0|1|train
530|0.0|2|0|0|0|1|23.0|2|1|29104|11.5|1|3|0|train
531|1.0|2|0|1|0|0|2.0|1|1|26360|26.0|1|2|0|train
533|0.0|1|0|0|0|1|17.0|1|1|2690|7.2292|2|2|0|train
535|0.0|1|0|1|0|0|30.0|0|0|315084|8.6625|1|0|1|train
536|1.0|2|0|1|0|0|7.0|0|2|13529|26.25|1|2|0|train
537|0.0|3|0|0|1|1|45.0|0|0|113050|26.55|1|0|1|train
538|1.0|3|0|1|0|0|30.0|0|0|17761|106.425|2|0|1|train
540|1.0|3|0|1|0|0|22.0|0|2|13568|49.5|2|2|0|train
541|1.0|3|0|1|0|0|36.0|0|2|5735|71.0|1|2|0|train
542|0.0|1|0|1|0|0|9.0|4|2|347082|31.275|1|6|0|train
543|0.0|1|0|1|0|0|11.0|4|2|347082|31.275|1|6|0|train
544|1.0|2|0|0|0|1|32.0|1|0|2908|26.0|1|1|0|train
545|0.0|3|0|0|0|1|50.0|1|0|17761|106.425|2|1|0|train
546|0.0|3|0|0|0|1|64.0|0|0|693|26.0|1|0|1|train
547|1.0|2|1|0|0|0|19.0|1|0|2908|26.0|1|1|0|train
549|0.0|1|0|0|0|1|33.0|1|1|363291|20.525|1|2|0|train
550|1.0|2|0|0|1|1|8.0|1|1|33112|36.75|1|2|0|train
551|1.0|3|0|0|0|1|17.0|0|2|17421|110.8833|2|2|0|train
552|0.0|2|0|0|0|1|27.0|0|0|244358|26.0|1|0|1|train
554|1.0|1|0|0|0|1|22.0|0|0|2620|7.225|2|0|1|train
555|1.0|1|0|1|0|0|22.0|0|0|347085|7.775|1|0|1|train
556|0.0|3|0|0|0|1|62.0|0|0|113807|26.55|1|0|1|train
557|1.0|3|0|0|1|0|48.0|1|0|11755|39.6|2|1|0|train
559|1.0|3|1|0|0|0|39.0|1|1|110413|79.65|1|2|0|train
560|1.0|1|1|0|0|0|36.0|1|0|345572|17.4|1|1|0|train
562|0.0|1|0|0|0|1|40.0|0|0|349251|7.8958|1|0|1|train
563|0.0|2|0|0|0|1|28.0|0|0|218629|13.5|1|0|1|train
566|0.0|1|0|0|0|1|24.0|2|0|48871|24.15|1|2|0|train
567|0.0|1|0|0|0|1|19.0|0|0|349205|7.8958|1|0|1|train
568|0.0|1|1|0|0|0|29.0|0|4|349909|21.075|1|4|0|train
570|1.0|1|0|0|0|1|32.0|0|0|350417|7.8542|1|0|1|train
571|1.0|2|0|0|0|1|62.0|0|0|752|10.5|1|0|1|train
572|1.0|3|1|0|0|0|53.0|2|0|11769|51.4792|1|2|0|train
573|1.0|3|0|0|0|1|36.0|0|0|17474|26.3875|1|0|1|train
575|0.0|1|0|0|0|1|16.0|0|0|20589|8.05|1|0|1|train
576|0.0|1|0|0|0|1|19.0|0|0|358585|14.5|1|0|1|train
577|1.0|2|0|1|0|0|34.0|0|0|243880|13.0|1|0|1|train
578|1.0|3|1|0|0|0|39.0|1|0|13507|55.9|1|1|0|train
580|1.0|1|0|0|0|1|32.0|0|0|3101286|7.925|1|0|1|train
581|1.0|2|0|1|0|0|25.0|1|1|237789|30.0|1|2|0|train
582|1.0|3|1|0|0|0|39.0|1|1|17421|110.8833|2|2|0|train
583|0.0|2|0|0|0|1|54.0|0|0|28403|26.0|1|0|1|train
584|0.0|3|0|0|0|1|36.0|0|0|13049|40.125|2|0|1|train
586|1.0|3|0|1|0|0|18.0|0|2|110413|79.65|1|2|0|train
587|0.0|2|0|0|0|1|47.0|0|0|237565|15.0|1|0|1|train
588|1.0|3|0|0|0|1|60.0|1|1|13567|79.2|2|2|0|train
589|0.0|1|0|0|0|1|22.0|0|0|14973|8.05|1|0|1|train
591|0.0|1|0|0|0|1|35.0|0|0|3101273|7.125|1|0|1|train
592|1.0|3|1|0|0|0|52.0|1|0|36947|78.2667|2|1|0|train
593|0.0|1|0|0|0|1|47.0|0|0|3902|7.25|1|0|1|train
595|0.0|2|0|0|0|1|37.0|1|0|29037|26.0|1|1|0|train
596|0.0|1|0|0|0|1|36.0|1|1|345773|24.15|1|2|0|train
598|0.0|1|0|0|0|1|49.0|0|0|-1|0.0|1|0|1|train
600|1.0|3|0|0|1|1|49.0|1|0|17485|56.9292|2|1|0|train
601|1.0|2|1|0|0|0|24.0|2|1|243847|27.0|1|3|0|train
604|0.0|1|0|0|0|1|44.0|0|0|364511|8.05|1|0|1|train
605|1.0|3|0|0|0|1|35.0|0|0|111426|26.55|2|0|1|train
606|0.0|1|0|0|0|1|36.0|1|0|349910|15.55|1|1|0|train
607|0.0|1|0|0|0|1|30.0|0|0|349246|7.8958|1|0|1|train
608|1.0|3|0|0|0|1|27.0|0|0|113804|30.5|1|0|1|train
609|1.0|2|1|0|0|0|22.0|1|2|2123|41.5792|2|3|0|train
610|1.0|3|0|1|0|0|40.0|0|0|17582|153.4625|1|0|1|train
611|0.0|1|1|0|0|0|39.0|1|5|347082|31.275|1|6|0|train
615|0.0|1|0|0|0|1|35.0|0|0|364512|8.05|1|0|1|train
616|1.0|2|0|1|0|0|24.0|1|2|220845|65.0|1|3|0|train
617|0.0|1|0|0|0|1|34.0|1|1|347080|14.4|1|2|0|train
618|0.0|1|1|0|0|0|26.0|1|0|3336|16.1|1|1|0|train
619|1.0|2|0|1|0|0|4.0|2|1|230136|39.0|1|3|0|train
620|0.0|2|0|0|0|1|26.0|0|0|31028|10.5|1|0|1|train
621|0.0|1|0|0|0|1|27.0|1|0|2659|14.4542|2|1|0|train
622|1.0|3|0|0|0|1|42.0|1|0|11753|52.5542|1|1|0|train
623|1.0|1|0|0|0|1|20.0|1|1|2653|15.7417|2|2|0|train
624|0.0|1|0|0|0|1|21.0|0|0|350029|7.8542|1|0|1|train
625|0.0|1|0|0|0|1|21.0|0|0|54636|16.1|1|0|1|train
626|0.0|3|0|0|0|1|61.0|0|0|36963|32.3208|1|0|1|train
627|0.0|2|0|0|1|1|57.0|0|0|219533|12.35|3|0|1|train
628|1.0|3|0|1|0|0|21.0|0|0|13502|77.9583|1|0|1|train
629|0.0|1|0|0|0|1|26.0|0|0|349224|7.8958|1|0|1|train
631|1.0|3|0|0|0|1|80.0|0|0|27042|30.0|1|0|1|train
632|0.0|1|0|0|0|1|51.0|0|0|347743|7.0542|1|0|1|train
633|1.0|3|0|0|1|1|32.0|0|0|13214|30.5|2|0|1|train
635|0.0|1|0|1|0|0|9.0|3|2|347088|27.9|1|5|0|train
636|1.0|2|0|1|0|0|28.0|0|0|237668|13.0|1|0|1|train
637|0.0|1|0|0|0|1|32.0|0|0|3101292|7.925|1|0|1|train
638|0.0|2|0|0|0|1|31.0|1|1|31921|26.25|1|2|0|train
639|0.0|1|1|0|0|0|41.0|0|5|3101295|39.6875|1|5|0|train
641|0.0|1|0|0|0|1|20.0|0|0|350050|7.8542|1|0|1|train
642|1.0|3|0|1|0|0|24.0|0|0|17477|69.3|2|0|1|train
643|0.0|1|0|1|0|0|2.0|3|2|347088|27.9|1|5|0|train
645|1.0|1|0|1|0|0|0.75|2|1|2666|19.2583|2|3|0|train
646|1.0|3|0|0|0|1|48.0|1|0|17572|76.7292|2|1|0|train
647|0.0|1|0|0|0|1|19.0|0|0|349231|7.8958|1|0|1|train
648|1.0|3|0|0|1|1|56.0|0|0|13213|35.5|2|0|1|train
650|1.0|1|0|1|0|0|23.0|0|0|2314|7.55|1|0|1|train
652|1.0|2|0|1|0|0|18.0|0|1|231919|23.0|1|1|0|train
653|0.0|1|0|0|0|1|21.0|0|0|8475|8.4333|1|0|1|train
655|0.0|1|0|1|0|0|18.0|0|0|365226|6.75|3|0|1|train
656|0.0|2|0|0|0|1|24.0|2|0|14879|73.5|1|2|0|train
658|0.0|1|1|0|0|0|32.0|1|1|364849|15.5|3|2|0|train
659|0.0|2|0|0|0|1|23.0|0|0|29751|13.0|1|0|1|train
660|0.0|3|0|0|0|1|58.0|0|2|35273|113.275|2|2|0|train
661|1.0|3|0|0|1|1|50.0|2|0|17611|133.65|1|2|0|train
662|0.0|1|0|0|0|1|40.0|0|0|2623|7.225|2|0|1|train
663|0.0|3|0|0|0|1|47.0|0|0|5727|25.5875|1|0|1|train
664|0.0|1|0|0|0|1|36.0|0|0|349210|7.4958|1|0|1|train
665|1.0|1|0|0|0|1|20.0|1|0|3101285|7.925|1|1|0|train
666|0.0|2|0|0|0|1|32.0|2|0|14879|73.5|1|2|0|train
667|0.0|2|0|0|0|1|25.0|0|0|234686|13.0|1|0|1|train
669|0.0|1|0|0|0|1|43.0|0|0|3536|8.05|1|0|1|train
671|1.0|2|1|0|0|0|40.0|1|1|29750|39.0|1|2|0|train
672|0.0|3|0|0|0|1|31.0|1|0|12750|52.0|1|1|0|train
673|0.0|2|0|0|0|1|70.0|0|0|24580|10.5|1|0|1|train
674|1.0|2|0|0|0|1|31.0|0|0|244270|13.0|1|0|1|train
676|0.0|1|0|0|0|1|18.0|0|0|349912|7.775|1|0|1|train
677|0.0|1|0|0|0|1|24.5|0|0|342826|8.05|1|0|1|train
678|1.0|1|0|1|0|0|18.0|0|0|4138|9.8417|1|0|1|train
679|0.0|1|1|0|0|0|43.0|1|6|2144|46.9|1|7|0|train
680|1.0|3|0|0|0|1|36.0|0|1|17755|512.3292|2|1|0|train
682|1.0|3|0|0|0|1|27.0|0|0|17572|76.7292|2|0|1|train
683|0.0|1|0|0|0|1|20.0|0|0|6563|9.225|1|0|1|train
684|0.0|1|0|0|0|1|14.0|5|2|2144|46.9|1|7|0|train
685|0.0|2|0|0|0|1|60.0|1|1|29750|39.0|1|2|0|train
686|0.0|2|0|0|0|1|25.0|1|2|2123|41.5792|2|3|0|train
687|0.0|1|0|0|0|1|14.0|4|1|3101295|39.6875|1|5|0|train
688|0.0|1|0|0|0|1|19.0|0|0|349228|10.1708|1|0|1|train
689|0.0|1|0|0|0|1|18.0|0|0|350036|7.7958|1|0|1|train
690|1.0|3|0|1|0|0|15.0|0|1|24160|211.3375|1|1|0|train
691|1.0|3|0|0|0|1|31.0|1|0|17474|57.0|1|1|0|train
692|1.0|1|0|1|0|0|4.0|0|1|349256|13.4167|2|1|0|train
694|0.0|1|0|0|0|1|25.0|0|0|2672|7.225|2|0|1|train
695|0.0|3|0|0|1|1|60.0|0|0|113800|26.55|1|0|1|train
696|0.0|2|0|0|0|1|52.0|0|0|248731|13.5|1|0|1|train
697|0.0|1|0|0|0|1|44.0|0|0|363592|8.05|1|0|1|train
699|0.0|3|0|0|0|1|49.0|1|1|17421|110.8833|2|2|0|train
700|0.0|1|0|0|0|1|42.0|0|0|348121|7.65|1|0|1|train
701|1.0|3|1|0|0|0|18.0|1|0|17757|227.525|2|1|0|train
702|1.0|3|0|0|0|1|35.0|0|0|17475|26.2875|1|0|1|train
703|0.0|1|0|1|0|0|18.0|0|1|2691|14.4542|2|1|0|train
704|0.0|1|0|0|0|1|25.0|0|0|36864|7.7417|3|0|1|train
705|0.0|1|0|0|0|1|26.0|1|0|350025|7.8542|1|1|0|train
706|0.0|2|0|0|0|1|39.0|0|0|250655|26.0|1|0|1|train
707|1.0|2|1|0|0|0|45.0|0|0|223596|13.5|1|0|1|train
708|1.0|3|0|0|0|1|42.0|0|0|17476|26.2875|1|0|1|train
709|1.0|3|0|1|0|0|22.0|0|0|113781|151.55|1|0|1|train
711|1.0|3|0|1|0|0|24.0|0|0|17482|49.5042|2|0|1|train
713|1.0|3|0|0|0|1|48.0|1|0|19996|52.0|1|1|0|train
714|0.0|1|0|0|0|1|29.0|0|0|7545|9.4833|1|0|1|train
715|0.0|2|0|0|0|1|52.0|0|0|250647|13.0|1|0|1|train
716|0.0|1|0|0|0|1|19.0|0|0|348124|7.65|1|0|1|train
717|1.0|3|0|1|0|0|38.0|0|0|17757|227.525|2|0|1|train
718|1.0|2|0|1|0|0|27.0|0|0|34218|10.5|1|0|1|train
720|0.0|1|0|0|0|1|33.0|0|0|347062|7.775|1|0|1|train
721|1.0|2|0|1|0|0|6.0|0|1|248727|33.0|1|1|0|train
722|0.0|1|0|0|0|1|17.0|1|0|350048|7.0542|1|1|0|train
723|0.0|2|0|0|0|1|34.0|0|0|12233|13.0|1|0|1|train
724|0.0|2|0|0|0|1|50.0|0|0|250643|13.0|1|0|1|train
725|1.0|3|0|0|0|1|27.0|1|0|113806|53.1|1|1|0|train
726|0.0|1|0|0|0|1|20.0|0|0|315094|8.6625|1|0|1|train
727|1.0|2|1|0|0|0|30.0|3|0|31027|21.0|1|3|0|train
729|0.0|2|0|0|0|1|25.0|1|0|236853|26.0|1|1|0|train
730|0.0|1|0|1|0|0|25.0|1|0|3101271|7.925|1|1|0|train
731|1.0|3|0|1|0|0|29.0|0|0|24160|211.3375|1|0|1|train
732|0.0|1|0|0|0|1|11.0|0|0|2699|18.7875|2|0|1|train
734|0.0|2|0|0|0|1|23.0|0|0|28425|13.0|1|0|1|train
735|0.0|2|0|0|0|1|23.0|0|0|233639|13.0|1|0|1|train
736|0.0|1|0|0|0|1|28.5|0|0|54636|16.1|1|0|1|train
737|0.0|1|1|0|0|0|48.0|1|3|6608|34.375|1|4|0|train
738|1.0|3|0|0|0|1|35.0|0|0|17755|512.3292|2|0|1|train
742|0.0|3|0|0|0|1|36.0|1|0|19877|78.85|1|1|0|train
743|1.0|3|0|1|0|0|21.0|2|2|17608|262.375|2|4|0|train
744|0.0|1|0|0|0|1|24.0|1|0|376566|16.1|1|1|0|train
745|1.0|1|0|0|0|1|31.0|0|0|3101288|7.925|1|0|1|train
746|0.0|3|0|0|1|1|70.0|1|1|5735|71.0|1|2|0|train
747|0.0|1|0|0|0|1|16.0|1|1|2673|20.25|1|2|0|train
748|1.0|2|0|1|0|0|30.0|0|0|250648|13.0|1|0|1|train
749|0.0|3|0|0|0|1|19.0|1|0|113773|53.1|1|1|0|train
750|0.0|1|0|0|0|1|31.0|0|0|335097|7.75|3|0|1|train
751|1.0|2|0|1|0|0|4.0|1|1|29103|23.0|1|2|0|train
752|1.0|1|0|0|1|1|6.0|0|1|392096|12.475|1|1|0|train
753|0.0|1|0|0|0|1|33.0|0|0|345780|9.5|1|0|1|train
754|0.0|1|0|0|0|1|23.0|0|0|349204|7.8958|1|0|1|train
755|1.0|2|1|0|0|0|48.0|1|2|220845|65.0|1|3|0|train
756|1.0|2|0|0|1|1|0.67|1|1|250649|14.5|1|2|0|train
757|0.0|1|0|0|0|1|28.0|0|0|350042|7.7958|1|0|1|train
758|0.0|2|0|0|0|1|18.0|0|0|29108|11.5|1|0|1|train
759|0.0|1|0|0|0|1|34.0|0|0|363294|8.05|1|0|1|train
760|1.0|3|0|0|1|0|33.0|0|0|110152|86.5|1|0|1|train
762|0.0|1|0|0|0|1|41.0|0|0|3101272|7.125|1|0|1|train
763|1.0|1|0|0|0|1|20.0|0|0|2663|7.2292|2|0|1|train
764|1.0|3|1|0|0|0|36.0|1|2|113760|120.0|1|3|0|train
765|0.0|1|0|0|0|1|16.0|0|0|347074|7.775|1|0|1|train
766|1.0|3|1|0|0|0|51.0|1|0|13502|77.9583|1|1|0|train
768|0.0|1|0|1|0|0|30.5|0|0|364850|7.75|3|0|1|train
770|0.0|1|0|0|0|1|32.0|0|0|8471|8.3625|1|0|1|train
771|0.0|1|0|0|0|1|24.0|0|0|345781|9.5|1|0|1|train
772|0.0|1|0|0|0|1|48.0|0|0|350047|7.8542|1|0|1|train
773|0.0|2|1|0|0|0|57.0|0|0|3|10.5|1|0|1|train
775|1.0|2|1|0|0|0|54.0|1|3|29105|23.0|1|4|0|train
776|0.0|1|0|0|0|1|18.0|0|0|347078|7.75|1|0|1|train
778|1.0|1|0|1|0|0|5.0|0|0|364516|12.475|1|0|1|train
780|1.0|3|1|0|0|0|43.0|0|1|24160|211.3375|1|1|0|train
781|1.0|1|0|1|0|0|13.0|0|0|2687|7.2292|2|0|1|train
782|1.0|3|1|0|0|0|17.0|1|0|17474|57.0|1|1|0|train
783|0.0|3|0|0|0|1|29.0|0|0|113501|30.0|1|0|1|train
785|0.0|1|0|0|0|1|25.0|0|0|3101312|7.05|1|0|1|train
786|0.0|1|0|0|0|1|25.0|0|0|374887|7.25|1|0|1|train
787|1.0|1|0|1|0|0|18.0|0|0|3101265|7.4958|1|0|1|train
788|0.0|1|0|0|1|1|8.0|4|1|382652|29.125|3|5|0|train
789|1.0|1|0|0|1|1|1.0|1|2|2315|20.575|1|3|0|train
790|0.0|3|0|0|0|1|46.0|0|0|17593|79.2|2|0|1|train
792|0.0|2|0|0|0|1|16.0|0|0|239865|26.0|1|0|1|train
795|0.0|1|0|0|0|1|25.0|0|0|349203|7.8958|1|0|1|train
796|0.0|2|0|0|0|1|39.0|0|0|28213|13.0|1|0|1|train
797|1.0|3|0|0|1|0|49.0|0|0|17465|25.9292|1|0|1|train
798|1.0|1|1|0|0|0|31.0|0|0|349244|8.6833|1|0|1|train
799|0.0|1|0|0|0|1|30.0|0|0|2685|7.2292|2|0|1|train
800|0.0|1|1|0|0|0|30.0|1|1|345773|24.15|1|2|0|train
801|0.0|2|0|0|0|1|34.0|0|0|250647|13.0|1|0|1|train
802|1.0|2|1|0|0|0|31.0|1|1|31921|26.25|1|2|0|train
803|1.0|3|0|0|1|1|11.0|1|2|113760|120.0|1|3|0|train
804|1.0|1|0|0|1|1|0.42|0|1|2625|8.5167|2|1|0|train
805|1.0|1|0|0|0|1|27.0|0|0|347089|6.975|1|0|1|train
806|0.0|1|0|0|0|1|31.0|0|0|347063|7.775|1|0|1|train
807|0.0|3|0|0|0|1|39.0|0|0|112050|0.0|1|0|1|train
808|0.0|1|0|1|0|0|18.0|0|0|347087|7.775|1|0|1|train
809|0.0|2|0|0|0|1|39.0|0|0|248723|13.0|1|0|1|train
810|1.0|3|1|0|0|0|33.0|1|0|113806|53.1|1|1|0|train
811|0.0|1|0|0|0|1|26.0|0|0|3474|7.8875|1|0|1|train
812|0.0|1|0|0|0|1|39.0|0|0|48871|24.15|1|0|1|train
813|0.0|2|0|0|0|1|35.0|0|0|28206|10.5|1|0|1|train
814|0.0|1|0|1|0|0|6.0|4|2|347082|31.275|1|6|0|train
815|0.0|1|0|0|0|1|30.5|0|0|364499|8.05|1|0|1|train
817|0.0|1|0|1|0|0|23.0|0|0|3101290|7.925|1|0|1|train
818|0.0|2|0|0|0|1|31.0|1|1|2079|37.0042|2|2|0|train
819|0.0|1|0|0|0|1|43.0|0|0|7075|6.45|1|0|1|train
820|0.0|1|0|0|1|1|10.0|3|2|347088|27.9|1|5|0|train
821|1.0|3|1|0|0|0|52.0|1|1|12749|93.5|1|2|0|train
822|1.0|1|0|0|0|1|27.0|0|0|315098|8.6625|1|0|1|train
823|0.0|3|0|0|1|1|38.0|0|0|19972|0.0|1|0|1|train
824|1.0|1|1|0|0|0|27.0|0|1|392096|12.475|1|1|0|train
825|0.0|1|0|0|1|1|2.0|4|1|3101295|39.6875|1|5|0|train
828|1.0|2|0|0|1|1|1.0|0|2|2079|37.0042|2|2|0|train
830|1.0|3|1|0|0|0|62.0|0|0|113572|80.0|1|0|1|train
831|1.0|1|1|0|0|0|15.0|1|0|2659|14.4542|2|1|0|train
832|1.0|2|0|0|1|1|0.83|1|1|29106|18.75|1|2|0|train
834|0.0|1|0|0|0|1|23.0|0|0|347468|7.8542|1|0|1|train
835|0.0|1|0|0|0|1|18.0|0|0|2223|8.3|1|0|1|train
836|1.0|3|0|1|0|0|39.0|1|1|17756|83.1583|2|2|0|train
837|0.0|1|0|0|0|1|21.0|0|0|315097|8.6625|1|0|1|train
839|1.0|1|0|0|0|1|32.0|0|0|1601|56.4958|1|0|1|train
841|0.0|1|0|0|0|1|20.0|0|0|3101287|7.925|1|0|1|train
842|0.0|2|0|0|0|1|16.0|0|0|3|10.5|1|0|1|train
843|1.0|3|0|1|0|0|30.0|0|0|113798|31.0|2|0|1|train
844|0.0|1|0|0|0|1|34.5|0|0|2683|6.4375|2|0|1|train
845|0.0|1|0|0|0|1|17.0|0|0|315090|8.6625|1|0|1|train
846|0.0|1|0|0|0|1|42.0|0|0|5547|7.55|1|0|1|train
848|0.0|1|0|0|0|1|35.0|0|0|349213|7.8958|2|0|1|train
849|0.0|2|0|0|1|1|28.0|0|1|248727|33.0|1|1|0|train
851|0.0|1|0|0|1|1|4.0|4|2|347082|31.275|1|6|0|train
852|0.0|1|0|0|0|1|74.0|0|0|347060|7.775|1|0|1|train
853|0.0|1|0|1|0|0|9.0|1|1|2678|15.2458|2|2|0|train
854|1.0|3|0|1|0|0|16.0|0|1|17592|39.4|1|1|0|train
855|0.0|2|1|0|0|0|44.0|1|0|244252|26.0|1|1|0|train
856|1.0|1|1|0|0|0|18.0|0|1|392091|9.35|1|1|0|train
857|1.0|3|1|0|0|0|45.0|1|1|36928|164.8667|1|2|0|train
858|1.0|3|0|0|0|1|51.0|0|0|113055|26.55|1|0|1|train
859|1.0|1|1|0|0|0|24.0|0|3|2666|19.2583|2|3|0|train
861|0.0|1|0|0|0|1|41.0|2|0|350026|14.1083|1|2|0|train
862|0.0|2|0|0|0|1|21.0|1|0|28134|11.5|1|1|0|train
863|1.0|3|1|0|0|0|48.0|0|0|17466|25.9292|1|0|1|train
865|0.0|2|0|0|0|1|24.0|0|0|233866|13.0|1|0|1|train
866|1.0|2|1|0|0|0|42.0|0|0|236852|13.0|1|0|1|train
867|1.0|2|0|1|0|0|27.0|1|0|2149|13.8583|2|1|0|train
868|0.0|3|0|0|0|1|31.0|0|0|17590|50.4958|1|0|1|train
870|1.0|1|0|0|1|1|4.0|1|1|347742|11.1333|1|2|0|train
871|0.0|1|0|0|0|1|26.0|0|0|349248|7.8958|1|0|1|train
872|1.0|3|1|0|0|0|47.0|1|1|11751|52.5542|1|2|0|train
873|0.0|3|0|0|0|1|33.0|0|0|695|5.0|1|0|1|train
874|0.0|1|0|0|0|1|47.0|0|0|345765|9.0|1|0|1|train
875|1.0|2|1|0|0|0|28.0|1|0|3381|24.0|2|1|0|train
876|1.0|1|0|1|0|0|15.0|0|0|2667|7.225|2|0|1|train
877|0.0|1|0|0|0|1|20.0|0|0|7534|9.8458|1|0|1|train
878|0.0|1|0|0|0|1|19.0|0|0|349212|7.8958|1|0|1|train
880|1.0|3|1|0|0|0|56.0|0|1|11767|83.1583|2|1|0|train
881|1.0|2|1|0|0|0|25.0|0|1|230433|26.0|1|1|0|train
882|0.0|1|0|0|0|1|33.0|0|0|349257|7.8958|1|0|1|train
883|0.0|1|0|1|0|0|22.0|0|0|7552|10.5167|1|0|1|train
884|0.0|2|0|0|0|1|28.0|0|0|34068|10.5|1|0|1|train
885|0.0|1|0|0|0|1|25.0|0|0|392076|7.05|1|0|1|train
886|0.0|1|1|0|0|0|39.0|0|5|382652|29.125|3|5|0|train
887|0.0|2|0|0|1|1|27.0|0|0|211536|13.0|1|0|1|train
888|1.0|3|0|1|0|0|19.0|0|0|112053|30.0|1|0|1|train
890|1.0|3|0|0|0|1|26.0|0|0|111369|30.0|2|0|1|train
891|0.0|1|0|0|0|1|32.0|0|0|370376|7.75|3|0|1|train
6|0.0|1|0|0|0|1|28.0|0|0|330877|8.4583|3|0|1|train
18|1.0|2|0|0|0|1|29.5|0|0|244373|13.0|1|0|1|train
20|1.0|1|1|0|0|0|29.0|0|0|2649|7.225|2|0|1|train
27|0.0|1|0|0|0|1|26.0|0|0|2631|7.225|2|0|1|train
29|1.0|1|0|1|0|0|18.5|0|0|330959|7.8792|3|0|1|train
30|0.0|1|0|0|0|1|28.0|0|0|349216|7.8958|1|0|1|train
32|1.0|3|1|0|0|0|47.5|1|0|17569|146.5208|2|1|0|train
33|1.0|1|0|1|0|0|18.5|0|0|335677|7.75|3|0|1|train
37|1.0|1|0|0|0|1|23.5|0|0|2677|7.2292|2|0|1|train
43|0.0|1|0|0|0|1|28.0|0|0|349253|7.8958|2|0|1|train
46|0.0|1|0|0|0|1|29.0|0|0|23567|8.05|1|0|1|train
47|0.0|1|0|0|0|1|31.0|1|0|370371|15.5|3|1|0|train
48|1.0|1|0|1|0|0|19.5|0|0|14311|7.75|3|0|1|train
49|0.0|1|0|0|0|1|18.5|2|0|2662|21.6792|2|2|0|train
56|1.0|3|0|0|0|1|40.5|0|0|19947|35.5|1|0|1|train
65|0.0|3|0|0|0|1|43.0|0|0|17605|27.7208|2|0|1|train
66|1.0|1|0|0|1|1|10.0|1|1|2661|15.2458|2|2|0|train
77|0.0|1|0|0|0|1|28.0|0|0|349208|7.8958|1|0|1|train
78|0.0|1|0|0|0|1|30.5|0|0|374746|8.05|1|0|1|train
83|1.0|1|0|1|0|0|18.5|0|0|330932|7.7875|3|0|1|train
88|0.0|1|0|0|0|1|27.5|0|0|392086|8.05|1|0|1|train
96|0.0|1|0|0|0|1|30.5|0|0|374910|8.05|1|0|1|train
102|0.0|1|0|0|0|1|28.0|0|0|349215|7.8958|1|0|1|train
108|1.0|1|0|0|0|1|25.5|0|0|312991|7.775|1|0|1|train
110|1.0|1|0|1|0|0|21.5|1|0|371110|24.15|3|1|0|train
122|0.0|1|0|0|0|1|28.0|0|0|54510|8.05|1|0|1|train
127|0.0|1|0|0|0|1|30.5|0|0|370372|7.75|3|0|1|train
129|1.0|1|0|1|0|0|12.5|1|1|2668|22.3583|2|2|0|train
141|0.0|1|1|0|0|0|25.0|0|2|2678|15.2458|2|2|0|train
155|0.0|1|0|0|0|1|28.0|0|0|265302|7.3125|1|0|1|train
159|0.0|1|0|0|0|1|28.0|0|0|315037|8.6625|1|0|1|train
160|0.0|1|0|0|1|1|2.5|8|2|2343|69.55|1|10|0|train
167|1.0|3|1|0|0|0|40.5|0|1|113505|55.0|1|1|0|train
169|0.0|3|0|0|0|1|43.0|0|0|17318|25.925|1|0|1|train
177|0.0|1|0|0|1|1|6.0|3|1|4133|25.4667|1|4|0|train
181|0.0|1|0|1|0|0|5.0|8|2|2343|69.55|1|10|0|train
182|0.0|2|0|0|0|1|30.0|0|0|2131|15.05|2|0|1|train
186|0.0|3|0|0|0|1|42.0|0|0|113767|50.0|1|0|1|train
187|1.0|1|1|0|0|0|34.0|1|0|370365|15.5|3|1|0|train
197|0.0|1|0|0|0|1|30.5|0|0|368703|7.75|3|0|1|train
199|1.0|1|0|1|0|0|21.0|0|0|370370|7.75|3|0|1|train
202|0.0|1|0|0|0|1|12.0|8|2|2343|69.55|1|10|0|train
215|0.0|1|0|0|0|1|30.5|1|0|367229|7.75|3|1|0|train
224|0.0|1|0|0|0|1|28.0|0|0|349234|7.8958|1|0|1|train
230|0.0|1|0|1|0|0|8.5|3|1|4133|25.4667|1|4|0|train
236|0.0|1|0|1|0|0|23.5|0|0|6609|7.55|1|0|1|train
241|0.0|1|0|1|0|0|19.5|1|0|2665|14.4542|2|1|0|train
242|1.0|1|0|1|0|0|21.5|1|0|367230|15.5|3|1|0|train
251|0.0|1|0|0|0|1|30.5|0|0|362316|7.25|1|0|1|train
257|1.0|3|1|0|0|0|44.0|0|0|17585|79.2|2|0|1|train
261|0.0|1|0|0|0|1|27.5|0|0|384461|7.75|3|0|1|train
265|0.0|1|0|1|0|0|23.5|0|0|382649|7.75|3|0|1|train
271|0.0|3|0|0|0|1|42.0|0|0|113798|31.0|1|0|1|train
275|1.0|1|0|1|0|0|21.0|0|0|370375|7.75|3|0|1|train
278|0.0|2|0|0|0|1|31.5|0|0|239853|0.0|1|0|1|train
285|0.0|3|0|0|0|1|42.0|0|0|113056|26.0|1|0|1|train
296|0.0|3|0|0|0|1|43.0|0|0|17612|27.7208|2|0|1|train
299|1.0|3|0|0|0|1|40.5|0|0|19988|30.5|1|0|1|train
301|1.0|1|0|1|0|0|19.5|0|0|9234|7.75|3|0|1|train
302|1.0|1|0|0|0|1|20.5|2|0|367226|23.25|3|2|0|train
304|1.0|2|0|1|0|0|22.5|0|0|226593|12.35|3|0|1|train
305|0.0|1|0|0|0|1|26.0|0|0|2466|8.05|1|0|1|train
307|1.0|3|0|1|0|0|31.5|0|0|17421|110.8833|2|0|1|train
325|0.0|1|0|0|0|1|12.0|8|2|2343|69.55|1|10|0|train
331|1.0|1|0|1|0|0|13.5|2|0|367226|23.25|3|2|0|train
335|1.0|3|1|0|0|0|47.5|1|0|17611|133.65|1|1|0|train
336|0.0|1|0|0|0|1|28.0|0|0|349225|7.8958|1|0|1|train
348|1.0|1|1|0|0|0|31.0|1|0|386525|16.1|1|1|0|train
352|0.0|3|0|0|0|1|42.0|0|0|113510|35.0|1|0|1|train
355|0.0|1|0|0|0|1|26.0|0|0|2647|7.225|2|0|1|train
359|1.0|1|0|1|0|0|18.5|0|0|330931|7.8792|3|0|1|train
360|1.0|1|0|1|0|0|18.5|0|0|330980|7.8792|3|0|1|train
365|0.0|1|0|0|0|1|31.0|1|0|370365|15.5|3|1|0|train
368|1.0|1|1|0|0|0|29.0|0|0|2626|7.2292|2|0|1|train
369|1.0|1|0|1|0|0|19.5|0|0|14313|7.75|3|0|1|train
376|1.0|3|1|0|0|0|44.0|1|0|17604|82.1708|2|1|0|train
385|0.0|1|0|0|0|1|28.0|0|0|349227|7.8958|1|0|1|train
389|0.0|1|0|0|0|1|30.5|0|0|367655|7.7292|3|0|1|train
410|0.0|1|0|1|0|0|8.5|3|1|4133|25.4667|1|4|0|train
411|0.0|1|0|0|0|1|28.0|0|0|349222|7.8958|1|0|1|train
412|0.0|1|0|0|0|1|27.5|0|0|394140|6.8583|3|0|1|train
414|0.0|2|0|0|0|1|31.5|0|0|239853|0.0|1|0|1|train
416|0.0|1|1|0|0|0|33.5|0|0|343095|8.05|1|0|1|train
421|0.0|1|0|0|0|1|28.0|0|0|349254|7.8958|2|0|1|train
426|0.0|1|0|0|0|1|28.0|0|0|34244|7.25|1|0|1|train
429|0.0|1|0|0|0|1|30.5|0|0|364851|7.75|3|0|1|train
432|1.0|1|1|0|0|0|34.0|1|0|376564|16.1|1|1|0|train
445|1.0|1|0|0|0|1|25.5|0|0|65306|8.1125|1|0|1|train
452|0.0|1|0|0|0|1|28.5|1|0|65303|19.9667|1|1|0|train
455|0.0|1|0|0|0|1|26.0|0|0|2817|8.05|1|0|1|train
458|1.0|3|1|0|0|0|46.0|1|0|17464|51.8625|1|1|0|train
460|0.0|1|0|0|0|1|30.5|0|0|371060|7.75|3|0|1|train
465|0.0|1|0|0|0|1|26.0|0|0|2816|8.05|1|0|1|train
467|0.0|2|0|0|0|1|31.5|0|0|239853|0.0|1|0|1|train
469|0.0|1|0|0|0|1|28.0|0|0|36209|7.725|3|0|1|train
471|0.0|1|0|0|0|1|28.0|0|0|323592|7.25|1|0|1|train
476|0.0|3|0|0|0|1|42.0|0|0|110465|52.0|1|0|1|train
482|0.0|2|0|0|0|1|31.5|0|0|239854|0.0|1|0|1|train
486|0.0|1|0|1|0|0|8.5|3|1|4133|25.4667|1|4|0|train
491|0.0|1|0|0|0|1|28.5|1|0|65304|19.9667|1|1|0|train
496|0.0|1|0|0|0|1|26.5|0|0|2627|14.4583|2|0|1|train
498|0.0|1|0|0|0|1|31.0|0|0|6212|15.1|1|0|1|train
503|0.0|1|0|1|0|0|21.0|0|0|330909|7.6292|3|0|1|train
508|1.0|3|0|0|0|1|39.5|0|0|111427|26.55|1|0|1|train
512|0.0|1|0|0|0|1|22.0|0|0|3101316|8.05|1|0|1|train
518|0.0|1|0|0|0|1|31.0|0|0|371110|24.15|3|0|1|train
523|0.0|1|0|0|0|1|26.0|0|0|2624|7.225|2|0|1|train
525|0.0|1|0|0|0|1|26.0|0|0|2700|7.2292|2|0|1|train
528|0.0|3|0|0|0|1|44.5|0|0|17483|221.7792|1|0|1|train
532|0.0|1|0|0|0|1|26.0|0|0|2641|7.2292|2|0|1|train
534|1.0|1|1|0|0|0|22.5|0|2|2668|22.3583|2|2|0|train
539|0.0|1|0|0|0|1|31.0|0|0|364498|14.5|1|0|1|train
548|1.0|2|0|0|0|1|27.5|0|0|2146|13.8625|2|0|1|train
553|0.0|1|0|0|0|1|28.0|0|0|330979|7.8292|3|0|1|train
558|0.0|3|0|0|0|1|44.5|0|0|17757|227.525|2|0|1|train
561|0.0|1|0|0|0|1|30.5|0|0|372622|7.75|3|0|1|train
564|0.0|1|0|0|0|1|27.5|0|0|392082|8.05|1|0|1|train
565|0.0|1|0|1|0|0|20.5|0|0|392087|8.05|1|0|1|train
569|0.0|1|0|0|0|1|26.0|0|0|2686|7.2292|2|0|1|train
574|1.0|1|0|1|0|0|19.5|0|0|14312|7.75|3|0|1|train
579|0.0|1|1|0|0|0|32.0|1|0|2689|14.4583|2|1|0|train
585|0.0|1|0|0|0|1|26.0|0|0|3411|8.7125|2|0|1|train
590|0.0|1|0|0|0|1|26.0|0|0|3235|8.05|1|0|1|train
594|0.0|1|0|1|0|0|16.5|0|2|364848|7.75|3|2|0|train
597|1.0|2|0|1|0|0|22.5|0|0|248727|33.0|1|0|1|train
599|0.0|1|0|0|0|1|26.0|0|0|2664|7.225|2|0|1|train
602|0.0|1|0|0|0|1|28.0|0|0|349214|7.8958|1|0|1|train
603|0.0|3|0|0|0|1|42.0|0|0|113796|42.4|1|0|1|train
612|0.0|1|0|0|0|1|22.0|0|0|3101305|7.05|1|0|1|train
613|1.0|1|0|1|0|0|21.5|1|0|367230|15.5|3|1|0|train
614|0.0|1|0|0|0|1|30.5|0|0|370377|7.75|3|0|1|train
630|0.0|1|0|0|0|1|28.0|0|0|334912|7.7333|3|0|1|train
634|0.0|3|0|0|0|1|41.5|0|0|112052|0.0|1|0|1|train
640|0.0|1|0|0|0|1|31.0|1|0|376564|16.1|1|1|0|train
644|1.0|1|0|0|0|1|32.0|0|0|1601|56.4958|1|0|1|train
649|0.0|1|0|0|0|1|34.0|0|0|751|7.55|1|0|1|train
651|0.0|1|0|0|0|1|28.0|0|0|349221|7.8958|1|0|1|train
654|1.0|1|0|1|0|0|18.5|0|0|330919|7.8292|3|0|1|train
657|0.0|1|0|0|0|1|28.0|0|0|349223|7.8958|1|0|1|train
668|0.0|1|0|0|0|1|28.0|0|0|312993|7.775|1|0|1|train
670|1.0|3|1|0|0|0|46.0|1|0|19996|52.0|1|1|0|train
675|0.0|2|0|0|0|1|31.5|0|0|239856|0.0|1|0|1|train
681|0.0|1|0|1|0|0|21.0|0|0|330935|8.1375|3|0|1|train
693|1.0|1|0|0|0|1|32.0|0|0|1601|56.4958|1|0|1|train
698|1.0|1|0|1|0|0|18.5|0|0|35852|7.7333|3|0|1|train
710|1.0|1|0|0|1|1|10.0|1|1|2661|15.2458|2|2|0|train
712|0.0|3|0|0|0|1|42.0|0|0|113028|26.55|1|0|1|train
719|0.0|1|0|0|0|1|28.5|0|0|36568|15.5|3|0|1|train
728|1.0|1|0|1|0|0|18.5|0|0|36866|7.7375|3|0|1|train
733|0.0|2|0|0|0|1|31.5|0|0|239855|0.0|1|0|1|train
739|0.0|1|0|0|0|1|28.0|0|0|349201|7.8958|1|0|1|train
740|0.0|1|0|0|0|1|28.0|0|0|349218|7.8958|1|0|1|train
741|1.0|3|0|0|0|1|40.5|0|0|16988|30.0|1|0|1|train
761|0.0|1|0|0|0|1|31.0|0|0|358585|14.5|1|0|1|train
767|0.0|3|0|0|1|1|32.5|0|0|112379|39.6|2|0|1|train
769|0.0|1|0|0|0|1|31.0|1|0|371110|24.15|3|1|0|train
774|0.0|1|0|0|0|1|26.0|0|0|2674|7.225|2|0|1|train
777|0.0|1|0|0|0|1|27.5|0|0|383121|7.75|3|0|1|train
779|0.0|1|0|0|0|1|28.0|0|0|36865|7.7375|3|0|1|train
784|0.0|1|0|0|0|1|24.0|1|2|6607|23.45|1|3|0|train
791|0.0|1|0|0|0|1|29.0|0|0|12460|7.75|3|0|1|train
793|0.0|1|0|1|0|0|5.0|8|2|2343|69.55|1|10|0|train
794|0.0|3|0|0|0|1|43.0|0|0|17600|30.6958|2|0|1|train
816|0.0|3|0|0|0|1|41.5|0|0|112058|0.0|1|0|1|train
826|0.0|1|0|0|0|1|30.5|0|0|368323|6.95|3|0|1|train
827|0.0|1|0|0|0|1|34.5|0|0|1601|56.4958|1|0|1|train
829|1.0|1|0|0|0|1|28.0|0|0|367228|7.75|3|0|1|train
833|0.0|1|0|0|0|1|26.0|0|0|2671|7.2292|2|0|1|train
838|0.0|1|0|0|0|1|27.5|0|0|392092|8.05|1|0|1|train
840|1.0|3|0|0|0|1|40.5|0|0|11774|29.7|2|0|1|train
847|0.0|1|0|0|0|1|12.0|8|2|2343|69.55|1|10|0|train
850|1.0|3|1|0|0|0|44.0|1|0|17453|89.1042|2|1|0|train
860|0.0|1|0|0|0|1|26.0|0|0|2629|7.2292|2|0|1|train
864|0.0|1|0|1|0|0|5.0|8|2|2343|69.55|1|10|0|train
869|0.0|1|0|0|0|1|28.0|0|0|345777|9.5|1|0|1|train
879|0.0|1|0|0|0|1|28.0|0|0|349217|7.8958|1|0|1|train
889|0.0|1|0|1|0|0|17.0|1|2|6607|23.45|1|3|0|train
892||1|0|0|0|1|28.0|0|0|330911|7.8292|3|0|1|test
893||1|1|0|0|0|34.0|1|0|363272|7.0|1|1|0|test
894||2|0|0|0|1|34.5|0|0|240276|9.6875|3|0|1|test
895||1|0|0|0|1|28.0|0|0|315154|8.6625|1|0|1|test
896||1|1|0|0|0|24.0|1|1|3101298|12.2875|1|2|0|test
897||1|0|0|0|1|28.0|0|0|7538|9.225|1|0|1|test
898||1|0|1|0|0|20.0|0|0|330972|7.6292|3|0|1|test
899||2|0|0|0|1|31.5|1|1|248738|29.0|1|2|0|test
900||1|1|0|0|0|29.5|0|0|2657|7.2292|2|0|1|test
901||1|0|0|0|1|18.0|2|0|48871|24.15|1|2|0|test
902||1|0|0|0|1|28.0|0|0|349220|7.8958|1|0|1|test
903||3|0|0|0|1|37.5|0|0|694|26.0|1|0|1|test
904||3|1|0|0|0|43.5|1|0|21228|82.2667|1|1|0|test
905||2|0|0|0|1|33.5|1|0|24065|26.0|1|1|0|test
906||3|1|0|0|0|43.5|1|0|5734|61.175|1|1|0|test
907||2|1|0|0|0|36.5|1|0|2167|27.7208|2|1|0|test
908||2|0|0|0|1|34.5|0|0|233734|12.35|3|0|1|test
909||1|0|0|0|1|26.0|0|0|2692|7.225|2|0|1|test
910||1|0|1|0|0|22.0|1|0|3101270|7.925|1|1|0|test
911||1|1|0|0|0|29.5|0|0|2696|7.225|2|0|1|test
912||3|0|0|0|1|40.0|1|0|17603|59.4|2|1|0|test
913||1|0|0|1|1|12.5|0|1|17368|3.1708|1|1|0|test
914||3|1|0|0|0|44.5|0|0|17598|31.6833|1|0|1|test
915||3|0|0|0|1|36.5|0|1|17597|61.3792|2|1|0|test
916||3|1|0|0|0|39.0|1|3|17608|262.375|2|4|0|test
917||1|0|0|0|1|25.0|1|0|3337|14.5|1|1|0|test
918||3|0|1|0|0|28.5|0|1|113509|61.9792|2|1|0|test
919||1|0|0|0|1|26.0|0|0|2698|7.225|2|0|1|test
920||3|0|0|0|1|41.0|0|0|113054|30.5|1|0|1|test
921||1|0|0|0|1|16.0|2|0|2662|21.6792|2|2|0|test
922||2|0|0|0|1|31.5|1|0|3085|26.0|1|1|0|test
923||2|0|0|0|1|26.0|2|0|31029|31.5|1|2|0|test
924||1|1|0|0|0|24.0|1|2|2315|20.575|1|3|0|test
925||1|1|0|0|0|26.0|1|2|6607|23.45|1|3|0|test
926||3|0|0|0|1|40.0|1|0|13236|57.75|2|1|0|test
927||1|0|0|0|1|26.0|0|0|2682|7.2292|2|0|1|test
928||1|0|1|0|0|20.0|0|0|342712|8.05|1|0|1|test
929||1|0|1|0|0|20.0|0|0|315087|8.6625|1|0|1|test
930||1|0|0|0|1|28.0|0|0|345768|9.5|1|0|1|test
931||1|0|0|0|1|27.5|0|0|1601|56.4958|1|0|1|test
932||1|0|0|0|1|23.5|0|1|349256|13.4167|2|1|0|test
933||3|0|0|0|1|41.0|0|0|113778|26.55|1|0|1|test
934||1|0|0|0|1|31.0|0|0|3101263|7.85|1|0|1|test
935||2|1|0|0|0|38.0|0|0|237249|13.0|1|0|1|test
936||3|1|0|0|0|43.5|1|0|11753|52.5542|1|1|0|test
937||1|0|0|0|1|31.0|0|0|3101291|7.925|1|0|1|test
938||3|0|0|0|1|41.0|0|0|17594|29.7|2|0|1|test
939||1|0|0|0|1|31.0|0|0|370374|7.75|3|0|1|test
940||3|1|0|0|0|44.5|0|0|11813|76.2917|2|0|1|test
941||1|1|0|0|0|26.0|0|2|37671|15.9|1|2|0|test
942||3|0|0|0|1|40.0|1|0|13695|60.0|1|1|0|test
943||2|0|0|0|1|32.5|0|0|2168|15.0333|2|0|1|test
944||2|0|1|0|0|13.0|2|1|29105|23.0|1|3|0|test
945||3|0|1|0|0|18.5|3|2|19950|263.0|1|5|0|test
946||2|0|0|0|1|32.5|0|0|2861|15.5792|2|0|1|test
947||1|0|0|1|1|8.0|4|1|382652|29.125|3|5|0|test
948||1|0|0|0|1|28.0|0|0|349230|7.8958|1|0|1|test
949||1|0|0|0|1|28.0|0|0|348122|7.65|1|0|1|test
950||1|0|0|0|1|30.0|1|0|386525|16.1|1|1|0|test
951||3|0|1|0|0|33.0|0|0|17608|262.375|2|0|1|test
952||1|0|0|0|1|28.0|0|0|349232|7.8958|1|0|1|test
953||2|0|0|0|1|34.5|0|0|237216|13.5|1|0|1|test
954||1|0|0|0|1|28.0|0|0|347090|7.75|1|0|1|test
955||1|0|1|0|0|20.0|0|0|334914|7.725|3|0|1|test
956||3|0|0|1|1|15.5|2|2|17608|262.375|2|4|0|test
957||2|1|0|0|0|38.0|0|0|13534|21.0|1|0|1|test
958||1|0|1|0|0|20.0|0|0|330963|7.8792|3|0|1|test
959||3|0|0|0|1|41.0|0|0|113796|42.4|1|0|1|test
960||3|0|0|0|1|39.0|0|0|2543|28.5375|2|0|1|test
961||3|1|0|0|0|54.5|1|4|19950|263.0|1|5|0|test
962||1|0|1|0|0|23.0|0|0|382653|7.75|3|0|1|test
963||1|0|0|0|1|28.0|0|0|349211|7.8958|1|0|1|test
964||1|0|1|0|0|17.0|0|0|3101297|7.925|1|0|1|test
965||3|0|0|0|1|41.0|0|0|17562|27.7208|2|0|1|test
966||3|0|1|0|0|33.0|0|0|113503|211.5|2|0|1|test
967||3|0|0|0|1|41.0|0|0|113503|211.5|2|0|1|test
968||1|0|0|0|1|31.5|0|0|359306|8.05|1|0|1|test
969||3|1|0|0|0|33.0|2|0|11770|25.7|1|2|0|test
970||2|0|0|0|1|34.5|0|0|248744|13.0|1|0|1|test
971||1|0|1|0|0|23.0|0|0|368702|7.75|3|0|1|test
972||1|0|0|1|1|10.5|1|1|2678|15.2458|2|2|0|test
973||3|0|0|0|1|40.0|1|0|17483|221.7792|1|1|0|test
974||3|0|0|0|1|39.5|0|0|19924|26.0|1|0|1|test
975||1|0|0|0|1|28.0|0|0|349238|7.8958|1|0|1|test
976||2|0|0|0|1|34.5|0|0|240261|10.7083|3|0|1|test
977||1|0|0|0|1|25.0|1|0|2660|14.4542|2|1|0|test
978||1|0|1|0|0|20.0|0|0|330844|7.8792|3|0|1|test
979||1|0|1|0|0|20.0|0|0|31416|8.05|1|0|1|test
980||1|0|1|0|0|23.0|0|0|364856|7.75|3|0|1|test
981||2|0|0|1|1|19.0|1|1|29103|23.0|1|2|0|test
982||1|1|0|0|0|30.5|1|0|347072|13.9|1|1|0|test
983||1|0|0|0|1|28.0|0|0|345498|7.775|1|0|1|test
984||3|1|0|0|0|39.0|1|2|12750|52.0|1|3|0|test
985||1|0|0|0|1|31.0|0|0|376563|8.05|1|0|1|test
986||3|0|0|0|1|39.5|0|0|13905|26.0|2|0|1|test
987||1|0|0|0|1|28.0|0|0|350033|7.7958|1|0|1|test
988||3|1|0|0|0|43.5|1|0|19877|78.85|1|1|0|test
989||1|0|0|0|1|31.0|0|0|3101268|7.925|1|0|1|test
990||1|0|1|0|0|20.0|0|0|347471|7.8542|1|0|1|test
991||1|0|0|0|1|26.0|0|0|3338|8.05|1|0|1|test
992||3|1|0|0|0|43.5|1|0|11778|55.4417|2|1|0|test
993||2|0|0|0|1|33.5|1|0|228414|26.0|1|1|0|test
994||1|0|0|0|1|31.0|0|0|365235|7.75|3|0|1|test
995||1|0|0|0|1|28.0|0|0|347070|7.775|1|0|1|test
996||1|1|0|0|0|25.0|1|1|2625|8.5167|2|2|0|test
997||1|0|0|0|1|28.0|0|0|4001|22.525|1|0|1|test
998||1|0|0|0|1|28.0|0|0|330920|7.8208|3|0|1|test
999||1|0|0|0|1|31.0|0|0|383162|7.75|3|0|1|test
1000||1|0|0|0|1|26.0|0|0|3410|8.7125|1|0|1|test
1001||2|0|0|0|1|34.5|0|0|248734|13.0|1|0|1|test
1002||2|0|0|0|1|34.5|0|0|237734|15.0458|2|0|1|test
1003||1|0|1|0|0|20.0|0|0|330968|7.7792|3|0|1|test
1004||3|0|1|0|0|33.0|0|0|17531|31.6792|2|0|1|test
1005||1|0|1|0|0|20.0|0|0|329944|7.2833|3|0|1|test
1006||3|1|0|0|0|43.5|1|0|17483|221.7792|1|1|0|test
1007||1|0|0|0|1|25.0|1|0|2680|14.4542|2|1|0|test
1008||1|0|0|0|1|26.0|0|0|2681|6.4375|2|0|1|test
1009||1|0|1|0|0|15.5|1|1|9549|16.7|1|2|0|test
1010||3|0|0|0|1|41.0|0|0|13050|75.2417|2|0|1|test
1011||2|1|0|0|0|37.0|1|0|29037|26.0|1|1|0|test
1012||2|0|1|0|0|26.5|0|0|33595|15.75|1|0|1|test
1013||1|0|0|0|1|30.0|1|0|367227|7.75|3|1|0|test
1014||3|1|0|0|0|43.5|1|0|13236|57.75|2|1|0|test
1015||1|0|0|0|1|31.0|0|0|392095|7.25|1|0|1|test
1016||1|0|0|0|1|31.0|0|0|368783|7.75|3|0|1|test
1017||1|0|1|0|0|18.5|0|1|371362|16.1|1|1|0|test
1018||1|0|0|0|1|28.0|0|0|350045|7.7958|1|0|1|test
1019||1|0|1|0|0|13.0|2|0|367226|23.25|3|2|0|test
1020||2|0|0|0|1|34.5|0|0|211535|13.0|1|0|1|test
1021||1|0|0|0|1|28.0|0|0|342441|8.05|1|0|1|test
1022||1|0|0|0|1|31.0|0|0|369943|8.05|1|0|1|test
1023||3|0|0|1|1|30.0|0|0|113780|28.5|2|0|1|test
1024||1|1|0|0|0|41.5|0|4|4133|25.4667|1|4|0|test
1025||1|0|0|0|1|25.0|1|0|2621|6.4375|2|1|0|test
1026||1|0|0|0|1|28.0|0|0|349226|7.8958|1|0|1|test
1027||1|0|0|0|1|28.0|0|0|350409|7.8542|1|0|1|test
1028||1|0|0|0|1|26.0|0|0|2656|7.225|2|0|1|test
1029||2|0|0|0|1|34.5|0|0|248659|13.0|1|0|1|test
1030||1|0|1|0|0|23.0|0|0|392083|8.05|1|0|1|test
1031||1|0|0|0|1|37.5|1|6|2144|46.9|1|7|0|test
1032||1|0|1|0|0|5.0|5|2|2144|46.9|1|7|0|test
1033||3|0|1|0|0|33.0|0|0|113781|151.55|1|0|1|test
1034||3|0|0|0|1|35.5|1|3|17608|262.375|2|4|0|test
1035||2|0|0|0|1|34.5|0|0|244358|26.0|1|0|1|test
1036||3|0|0|0|1|41.0|0|0|17475|26.55|1|0|1|test
1037||1|0|0|0|1|18.0|3|0|345763|18.0|1|3|0|test
1038||3|0|0|0|1|41.0|0|0|17463|51.8625|1|0|1|test
1039||1|0|0|0|1|28.0|0|0|23568|8.05|1|0|1|test
1040||3|0|0|0|1|41.0|0|0|113791|26.55|1|0|1|test
1041||2|0|0|1|1|19.0|1|1|250651|26.0|1|2|0|test
1042||3|1|0|0|0|40.0|0|1|11767|83.1583|2|1|0|test
1043||1|0|0|0|1|28.0|0|0|349255|7.8958|2|0|1|test
1044||1|0|0|0|1|28.0|0|0|3701|7.398616666666667|1|0|1|test
1045||1|1|0|0|0|26.0|0|2|350405|12.1833|1|2|0|test
1046||1|0|0|1|1|4.0|4|2|347077|31.3875|1|6|0|test
1047||1|0|0|0|1|26.0|0|0|752|7.55|1|0|1|test
1048||3|0|1|0|0|33.0|0|0|17483|221.7792|1|0|1|test
1049||1|0|1|0|0|20.0|0|0|347469|7.8542|1|0|1|test
1050||3|0|0|0|1|41.0|0|0|110489|26.55|1|0|1|test
1051||1|1|0|0|0|23.0|0|2|3101315|13.775|1|2|0|test
1052||1|0|1|0|0|20.0|0|0|335432|7.7333|3|0|1|test
1053||1|0|0|1|1|10.5|1|1|2650|15.2458|2|2|0|test
1054||2|0|1|0|0|26.5|0|0|220844|13.5|1|0|1|test
1055||1|0|0|0|1|28.0|0|0|343271|7.0|1|0|1|test
1056||2|0|0|1|1|23.5|0|0|237393|13.0|1|0|1|test
1057||1|1|0|0|0|27.0|1|1|315153|22.025|1|2|0|test
1058||3|0|0|0|1|41.0|0|0|17591|50.4958|2|0|1|test
1059||1|0|0|0|1|15.0|2|2|6608|34.375|1|4|0|test
1060||3|1|0|0|0|44.5|0|0|17770|27.7208|2|0|1|test
1061||1|0|1|0|0|20.0|0|0|7548|8.9625|1|0|1|test
1062||1|0|0|0|1|26.0|0|0|251|7.55|1|0|1|test
1063||1|0|0|0|1|26.0|0|0|2670|7.225|2|0|1|test
1064||1|0|0|0|1|27.0|1|0|347072|13.9|1|1|0|test
1065||1|0|0|0|1|26.0|0|0|2673|7.2292|2|0|1|test
1066||1|0|0|0|1|39.5|1|5|347077|31.3875|1|6|0|test
1067||2|0|1|0|0|22.5|0|2|29750|39.0|1|2|0|test
1068||2|0|1|0|0|28.0|0|0|33112|36.75|1|0|1|test
1069||3|0|0|0|1|40.0|1|0|11778|55.4417|2|1|0|test
1070||2|1|0|0|0|34.0|0|3|230136|39.0|1|3|0|test
1071||3|1|0|0|0|39.0|0|2|17756|83.1583|2|2|0|test
1072||2|0|0|0|1|34.5|0|0|233478|13.0|1|0|1|test
1073||3|0|0|0|1|36.5|1|1|17756|83.1583|2|2|0|test
1074||3|1|0|0|0|43.5|1|0|113773|53.1|1|1|0|test
1075||1|0|0|0|1|28.0|0|0|7935|7.75|3|0|1|test
1076||3|1|0|0|0|40.0|1|1|17558|247.5208|2|2|0|test
1077||2|0|0|0|1|34.5|0|0|239059|16.0|1|0|1|test
1078||2|0|1|0|0|20.0|0|1|2|21.0|1|1|0|test
1079||1|0|0|0|1|18.0|2|0|48873|8.05|1|2|0|test
1080||1|0|1|0|0|5.0|8|2|2343|69.55|1|10|0|test
1081||2|0|0|0|1|34.5|0|0|28221|13.0|1|0|1|test
1082||2|0|0|0|1|33.5|1|0|226875|26.0|1|1|0|test
1083||3|0|0|0|1|39.5|0|0|111163|26.0|1|0|1|test
1084||1|0|0|1|1|10.5|1|1|851|14.5|1|2|0|test
1085||2|0|0|0|1|34.5|0|0|235509|12.35|3|0|1|test
1086||2|0|0|1|1|19.5|0|2|28220|32.5|1|2|0|test
1087||1|0|0|0|1|28.0|0|0|347465|7.8542|1|0|1|test
1088||3|0|0|1|1|24.5|0|2|16966|134.5|2|2|0|test
1089||1|0|1|0|0|20.0|0|0|347066|7.775|1|0|1|test
1090||2|0|0|0|1|34.5|0|0|31030|10.5|1|0|1|test
1091||1|1|0|0|0|31.5|0|0|65305|8.1125|1|0|1|test
1092||1|0|1|0|0|20.0|0|0|36568|15.5|3|0|1|test
1093||1|0|0|1|1|11.5|0|2|347080|14.4|1|2|0|test
1094||3|0|0|1|1|29.0|1|0|17757|227.525|2|1|0|test
1095||2|0|1|0|0|22.0|1|1|26360|26.0|1|2|0|test
1096||2|0|0|0|1|34.5|0|0|34050|10.5|1|0|1|test
1097||3|0|0|0|1|39.5|0|0|12998|25.7417|2|0|1|test
1098||1|0|1|0|0|20.0|0|0|9232|7.75|3|0|1|test
1099||2|0|0|0|1|34.5|0|0|28034|10.5|1|0|1|test
1100||3|0|1|0|0|33.0|0|0|17613|27.7208|2|0|1|test
1101||1|0|0|0|1|28.0|0|0|349250|7.8958|1|0|1|test
1102||1|0|0|0|1|28.0|0|0|4001|22.525|1|0|1|test
1103||1|0|0|0|1|25.0|0|0|3101308|7.05|1|0|1|test
1104||2|0|0|0|1|36.0|0|0|14879|73.5|1|0|1|test
1105||2|1|0|0|0|37.0|1|0|24065|26.0|1|1|0|test
1106||1|0|1|0|0|5.5|4|2|347091|7.775|1|6|0|test
1107||3|0|0|0|1|41.0|0|0|113038|42.5|1|0|1|test
1108||1|0|1|0|0|20.0|0|0|330924|7.8792|3|0|1|test
1109||3|0|0|0|1|36.5|1|1|36928|164.8667|1|2|0|test
1110||3|1|0|0|0|40.0|1|1|113503|211.5|2|2|0|test
1111||1|0|0|0|1|28.0|0|0|32302|8.05|1|0|1|test
1112||2|0|1|0|0|23.5|1|0|2148|13.8583|2|1|0|test
1113||1|0|0|0|1|28.0|0|0|342684|8.05|1|0|1|test
1114||2|1|0|0|0|38.0|0|0|14266|10.5|1|0|1|test
1115||1|0|0|0|1|28.0|0|0|350053|7.7958|1|0|1|test
1116||3|1|0|0|0|44.5|0|0|17606|27.4458|2|0|1|test
1117||1|1|0|0|0|24.0|0|2|2661|15.2458|2|2|0|test
1118||1|0|0|0|1|28.0|0|0|350054|7.7958|1|0|1|test
1119||1|0|1|0|0|23.0|0|0|370368|7.75|3|0|1|test
1120||1|0|0|0|1|28.0|0|0|6212|15.1|1|0|1|test
1121||2|0|0|0|1|34.5|0|0|242963|13.0|1|0|1|test
1122||2|0|0|0|1|36.0|0|0|220845|65.0|1|0|1|test
1123||3|0|1|0|0|33.0|0|0|113795|26.55|1|0|1|test
1124||1|0|0|0|1|30.0|1|0|3101266|6.4958|1|1|0|test
1125||1|0|0|0|1|28.0|0|0|330971|7.8792|3|0|1|test
1126||3|0|0|0|1|40.0|1|0|17599|71.2833|2|1|0|test
1127||1|0|0|0|1|31.5|0|0|350416|7.8542|1|0|1|test
1128||3|0|0|0|1|40.0|1|0|110813|75.25|2|1|0|test
1129||1|0|0|0|1|26.0|0|0|2679|7.225|2|0|1|test
1130||2|0|1|0|0|22.0|1|1|250650|13.0|1|2|0|test
1131||3|1|0|0|0|43.5|1|0|17761|106.425|2|1|0|test
1132||3|1|0|0|0|44.5|0|0|112377|27.7208|2|0|1|test
1133||2|1|0|0|0|34.0|0|2|237789|30.0|1|2|0|test
1134||3|0|0|0|1|36.5|1|1|16966|134.5|2|2|0|test
1135||1|0|0|0|1|26.0|0|0|3470|7.8875|1|0|1|test
1136||1|0|0|1|1|11.5|1|2|6607|23.45|1|3|0|test
1137||3|0|0|0|1|40.0|1|0|17464|51.8625|1|1|0|test
1138||2|1|0|0|0|38.0|0|0|13534|21.0|1|0|1|test
1139||2|0|0|0|1|31.5|1|1|28220|32.5|1|2|0|test
1140||2|1|0|0|0|37.0|1|0|26707|26.0|1|1|0|test
1141||1|1|0|0|0|28.5|1|0|2660|14.4542|2|1|0|test
1142||2|0|1|0|0|22.5|1|2|34651|27.75|1|3|0|test
1143||1|0|0|0|1|31.0|0|0|3101284|7.925|1|0|1|test
1144||3|0|0|0|1|40.0|1|0|13508|136.7792|2|1|0|test
1145||1|0|0|0|1|28.0|0|0|7266|9.325|1|0|1|test
1146||1|0|0|0|1|28.0|0|0|345775|9.5|1|0|1|test
1147||1|0|0|0|1|28.0|0|0|42795|7.55|1|0|1|test
1148||1|0|0|0|1|26.0|0|0|3130|7.75|3|0|1|test
1149||1|0|0|0|1|31.5|0|0|363611|8.05|1|0|1|test
1150||2|0|1|0|0|26.5|0|0|28404|13.0|1|0|1|test
1151||1|0|0|0|1|28.0|0|0|345501|7.775|1|0|1|test
1152||1|0|0|0|1|27.0|1|0|345572|17.4|1|1|0|test
1153||1|0|0|0|1|28.0|0|0|350410|7.8542|1|0|1|test
1154||2|1|0|0|0|32.5|0|2|29103|23.0|1|2|0|test
1155||1|0|1|0|0|15.5|1|1|350405|12.1833|1|2|0|test
1156||2|0|0|0|1|34.5|0|0|34644|12.7375|2|0|1|test
1157||1|0|0|0|1|28.0|0|0|349235|7.8958|1|0|1|test
1158||3|0|0|0|1|39.5|0|0|112051|0.0|1|0|1|test
1159||1|0|0|0|1|28.0|0|0|49867|7.55|1|0|1|test
1160||1|0|1|0|0|20.0|0|0|39186|8.05|1|0|1|test
1161||1|0|0|0|1|28.0|0|0|315095|8.6625|1|0|1|test
1162||3|0|0|0|1|41.0|0|0|13050|75.2417|2|0|1|test
1163||1|0|0|0|1|31.0|0|0|368573|7.75|3|0|1|test
1164||3|1|0|0|0|43.5|1|0|13508|136.7792|2|1|0|test
1165||1|0|1|0|0|22.0|1|0|370371|15.5|3|1|0|test
1166||1|0|0|0|1|26.0|0|0|2676|7.225|2|0|1|test
1167||2|0|1|0|0|25.5|1|0|236853|26.0|1|1|0|test
1168||2|0|0|0|1|34.5|0|0|14888|10.5|1|0|1|test
1169||2|0|0|0|1|31.5|1|0|2926|26.0|1|1|0|test
1170||2|0|0|0|1|33.5|1|0|31352|21.0|1|1|0|test
1171||2|0|0|0|1|34.5|0|0|14260|10.5|1|0|1|test
1172||1|0|1|0|0|20.0|0|0|315085|8.6625|1|0|1|test
1173||1|0|0|1|1|9.5|1|1|3101315|13.775|1|2|0|test
1174||1|0|1|0|0|23.0|0|0|364859|7.75|3|0|1|test
1175||1|0|1|0|0|13.5|1|1|2650|15.2458|2|2|0|test
1176||1|0|1|0|0|18.5|1|1|370129|20.2125|1|2|0|test
1177||1|0|0|0|1|28.0|0|0|21175|7.25|1|0|1|test
1178||1|0|0|0|1|25.0|0|0|3101314|7.25|1|0|1|test
1179||3|0|0|0|1|40.0|1|0|21228|82.2667|1|1|0|test
1180||1|0|0|0|1|26.0|0|0|2655|7.2292|2|0|1|test
1181||1|0|0|0|1|26.0|0|0|1478|8.05|1|0|1|test
1182||3|0|0|0|1|41.0|0|0|17607|39.6|1|0|1|test
1183||1|0|1|0|0|23.0|0|0|382650|6.95|3|0|1|test
1184||1|0|0|0|1|26.0|0|0|2652|7.2292|2|0|1|test
1185||3|0|0|1|1|25.5|1|1|33638|81.8583|1|2|0|test
1186||1|0|0|0|1|28.0|0|0|345771|9.5|1|0|1|test
1187||1|0|0|0|1|28.0|0|0|349202|7.8958|1|0|1|test
1188||2|0|1|0|0|20.5|1|2|2123|41.5792|2|3|0|test
1189||1|0|0|0|1|16.0|2|0|2662|21.6792|2|2|0|test
1190||3|0|0|0|1|41.0|0|0|113801|45.5|1|0|1|test
1191||1|0|0|0|1|28.0|0|0|347467|7.8542|1|0|1|test
1192||1|0|0|0|1|28.0|0|0|347079|7.775|1|0|1|test
1193||2|0|0|0|1|34.5|0|0|237735|15.0458|2|0|1|test
1194||2|0|0|0|1|28.0|0|1|2|21.0|1|1|0|test
1195||1|0|0|0|1|28.0|0|0|315092|8.6625|1|0|1|test
1196||1|0|1|0|0|23.0|0|0|383123|7.75|3|0|1|test
1197||3|1|0|0|0|40.0|1|1|112901|26.55|1|2|0|test
1198||3|0|0|0|1|35.5|1|2|113781|151.55|1|3|0|test
1199||1|0|0|1|1|15.5|0|1|392091|9.35|1|1|0|test
1200||3|0|0|0|1|36.5|1|1|12749|93.5|1|2|0|test
1201||1|1|0|0|0|30.5|1|0|350026|14.1083|1|1|0|test
1202||1|0|0|0|1|28.0|0|0|315091|8.6625|1|0|1|test
1203||1|0|0|0|1|26.0|0|0|2658|7.225|2|0|1|test
1204||1|0|0|0|1|26.0|0|0|1588|7.575|1|0|1|test
1205||1|0|1|0|0|23.0|0|0|368364|7.75|3|0|1|test
1206||3|1|0|0|0|44.5|0|0|17760|135.6333|2|0|1|test
1207||1|0|1|0|0|20.0|0|0|30631|7.7333|3|0|1|test
1208||3|0|0|0|1|40.0|1|0|17569|146.5208|2|1|0|test
1209||2|0|0|0|1|34.5|0|0|28004|10.5|1|0|1|test
1210||1|0|0|0|1|28.0|0|0|350408|7.8542|1|0|1|test
1211||2|0|0|0|1|26.0|2|0|31029|31.5|1|2|0|test
1212||1|0|0|0|1|28.0|0|0|347075|7.775|1|0|1|test
1213||1|0|0|0|1|26.0|0|0|2654|7.2292|2|0|1|test
1214||2|0|0|0|1|34.5|0|0|244368|13.0|1|0|1|test
1215||3|0|0|0|1|41.0|0|0|113790|26.55|1|0|1|test
1216||3|0|1|0|0|33.0|0|0|24160|211.3375|1|0|1|test
1217||1|0|0|0|1|25.0|0|0|3101309|7.05|1|0|1|test
1218||2|0|1|0|0|14.5|2|1|230136|39.0|1|3|0|test
1219||3|0|0|0|1|41.0|0|0|17585|79.2|2|0|1|test
1220||2|0|0|0|1|31.5|1|0|2003|26.0|1|1|0|test
1221||2|0|0|0|1|34.5|0|0|236854|13.0|1|0|1|test
1222||2|1|0|0|0|34.0|0|2|33112|36.75|1|2|0|test
1223||3|0|0|0|1|41.0|0|0|17580|29.7|2|0|1|test
1224||1|0|0|0|1|26.0|0|0|2684|7.225|2|0|1|test
1225||1|1|0|0|0|25.0|1|1|2653|15.7417|2|2|0|test
1226||1|0|0|0|1|28.0|0|0|349229|7.8958|1|0|1|test
1227||3|0|0|0|1|39.5|0|0|110469|26.0|1|0|1|test
1228||2|0|0|0|1|34.5|0|0|244360|13.0|1|0|1|test
1229||1|0|0|0|1|20.5|0|2|2675|7.2292|2|2|0|test
1230||2|0|0|0|1|36.0|0|0|31029|31.5|1|0|1|test
1231||1|0|0|1|1|15.0|0|0|2622|7.2292|2|0|1|test
1232||2|0|0|0|1|34.5|0|0|15185|10.5|1|0|1|test
1233||1|0|0|0|1|28.0|0|0|350403|7.5792|1|0|1|test
1234||1|0|0|0|1|37.5|1|9|2343|69.55|1|10|0|test
1235||3|1|0|0|0|40.0|0|1|17755|512.3292|2|1|0|test
1236||1|0|0|1|1|10.5|1|1|851|14.5|1|2|0|test
1237||1|0|1|0|0|20.0|0|0|348125|7.65|1|0|1|test
1238||2|0|0|0|1|34.5|0|0|237670|13.0|1|0|1|test
1239||1|1|0|0|0|29.5|0|0|2688|7.2292|2|0|1|test
1240||2|0|0|0|1|34.5|0|0|248726|13.5|1|0|1|test
1241||2|0|1|0|0|26.5|0|0|13528|21.0|1|0|1|test
1242||3|1|0|0|0|40.0|0|1|17759|63.3583|2|1|0|test
1243||2|0|0|0|1|34.5|0|0|13540|10.5|1|0|1|test
1244||2|0|0|0|1|36.0|0|0|14879|73.5|1|0|1|test
1245||2|0|0|0|1|30.5|1|2|220845|65.0|1|3|0|test
1246||1|0|1|0|0|12.5|1|2|2315|20.575|1|3|0|test
1247||3|0|0|0|1|39.5|0|0|113044|26.0|1|0|1|test
1248||3|1|0|0|0|34.5|2|0|11769|51.4792|1|2|0|test
1249||1|0|0|0|1|26.0|0|0|1222|7.8792|1|0|1|test
1250||1|0|0|0|1|31.0|0|0|368402|7.75|3|0|1|test
1251||1|1|0|0|0|30.5|1|0|349910|15.55|1|1|0|test
1252||1|0|0|1|1|2.0|8|2|2343|69.55|1|10|0|test
1253||2|1|0|0|0|33.0|1|1|2079|37.0042|2|2|0|test
1254||2|1|0|0|0|38.0|0|0|31352|21.0|1|0|1|test
1255||1|0|0|0|1|28.0|0|0|315083|8.6625|1|0|1|test
1256||3|1|0|0|0|43.5|1|0|11765|55.4417|2|1|0|test
1257||1|1|0|0|0|41.0|1|9|2343|69.55|1|10|0|test
1258||1|0|0|0|1|25.0|1|0|2689|14.4583|2|1|0|test
1259||1|0|1|0|0|18.5|0|0|3101295|39.6875|1|0|1|test
1260||3|1|0|0|0|40.0|0|1|112378|59.4|2|1|0|test
1261||2|0|0|0|1|32.5|0|0|2147|13.8583|2|0|1|test
1262||2|0|0|0|1|33.5|1|0|28133|11.5|1|1|0|test
1263||3|0|1|0|0|33.0|0|0|16966|134.5|2|0|1|test
1264||3|0|0|0|1|39.5|0|0|112058|0.0|1|0|1|test
1265||2|0|0|0|1|34.5|0|0|248746|13.0|1|0|1|test
1266||3|1|0|0|0|40.0|1|1|33638|81.8583|1|2|0|test
1267||3|0|1|0|0|33.0|0|0|17608|262.375|2|0|1|test
1268||1|0|1|0|0|10.0|2|0|315152|8.6625|1|2|0|test
1269||2|0|0|0|1|34.5|0|0|29107|11.5|1|0|1|test
1270||3|0|0|0|1|39.0|0|0|680|50.0|1|0|1|test
1271||1|0|0|1|1|4.0|4|2|347077|31.3875|1|6|0|test
1272||1|0|0|0|1|31.0|0|0|366713|7.75|3|0|1|test
1273||1|0|0|0|1|28.0|0|0|330910|7.8792|3|0|1|test
1274||1|1|0|0|0|35.0|0|0|364498|14.5|1|0|1|test
1275||1|1|0|0|0|33.5|1|0|376566|16.1|1|1|0|test
1276||2|0|0|0|1|32.5|0|0|2159|12.875|1|0|1|test
1277||2|0|1|0|0|22.5|1|2|220845|65.0|1|3|0|test
1278||1|0|0|0|1|28.0|0|0|349911|7.775|1|0|1|test
1279||2|0|0|0|1|34.5|0|0|244346|13.0|1|0|1|test
1280||1|0|0|0|1|31.0|0|0|364858|7.75|3|0|1|test
1281||1|0|0|1|1|3.5|3|1|349909|21.075|1|4|0|test
1282||3|0|0|0|1|41.0|0|0|12749|93.5|1|0|1|test
1283||3|1|0|0|0|40.0|0|1|17592|39.4|1|1|0|test
1284||1|0|0|1|1|9.5|0|2|2673|20.25|1|2|0|test
1285||2|0|0|0|1|34.5|0|0|30769|10.5|1|0|1|test
1286||1|0|0|0|1|14.5|3|1|315153|22.025|1|4|0|test
1287||3|1|0|0|0|43.5|1|0|13695|60.0|1|1|0|test
1288||1|0|0|0|1|31.0|0|0|371109|7.25|3|0|1|test
1289||3|1|0|0|0|40.0|1|1|13567|79.2|2|2|0|test
1290||1|0|0|0|1|28.0|0|0|347065|7.775|1|0|1|test
1291||1|0|0|0|1|28.0|0|0|21332|7.7333|3|0|1|test
1292||3|0|1|0|0|33.0|0|0|36928|164.8667|1|0|1|test
1293||2|0|0|0|1|33.5|1|0|28664|21.0|1|1|0|test
1294||3|0|1|0|0|28.5|0|1|112378|59.4|2|1|0|test
1295||3|0|0|0|1|41.0|0|0|113059|47.1|1|0|1|test
1296||3|0|0|0|1|40.0|1|0|17765|27.7208|2|1|0|test
1297||2|0|0|0|1|32.5|0|0|2166|13.8625|2|0|1|test
1298||2|0|0|0|1|33.5|1|0|28666|10.5|1|1|0|test
1299||3|0|0|0|1|36.5|1|1|113503|211.5|2|2|0|test
1300||1|0|1|0|0|20.0|0|0|334915|7.7208|3|0|1|test
1301||1|0|1|0|0|12.5|1|1|3101315|13.775|1|2|0|test
1302||1|0|1|0|0|23.0|0|0|365237|7.75|3|0|1|test
1303||3|1|0|0|0|43.5|1|0|19928|90.0|3|1|0|test
1304||1|0|1|0|0|20.0|0|0|347086|7.775|1|0|1|test
1305||1|0|0|0|1|26.0|0|0|3236|8.05|1|0|1|test
1306||3|1|0|0|0|44.5|0|0|17758|108.9|2|0|1|test
1307||1|0|0|0|1|31.0|0|0|3101262|7.25|1|0|1|test
1308||1|0|0|0|1|31.5|0|0|359309|8.05|1|0|1|test
1309||1|0|0|1|1|10.5|1|1|2668|22.3583|2|2|0|test
